,runtype,series_X,series_Y,rank,entry_scale,exit_scale,train_start,train_end,test_start,test_end,returns,volatility,sharpe,sortino
0,train,Hargreaves_Lansdown_Plc,Smiths_Group_plc,1,1,0,7/1/2008 0:00,12/30/2008 0:00,12/30/2008 0:00,6/30/2009 0:00,106.3836746,39.34440648,-0.009711806,-0.0125804
0,test,Hargreaves_Lansdown_Plc,Smiths_Group_plc,1,1,0,7/1/2008 0:00,12/30/2008 0:00,12/30/2008 0:00,6/30/2009 0:00,0,0,nan,nan
0,train,Hargreaves_Lansdown_Plc,Smiths_Group_plc,1,1,0,12/30/2008 0:00,6/30/2009 0:00,6/30/2009 0:00,12/29/2009 0:00,440.743988,164.1795625,0.098823099,0.098727165
0,test,Hargreaves_Lansdown_Plc,Smiths_Group_plc,1,1,0,12/30/2008 0:00,6/30/2009 0:00,6/30/2009 0:00,12/29/2009 0:00,-490.8890381,175.2673427,-0.066367556,-0.233073165
0,train,Hargreaves_Lansdown_Plc,Smiths_Group_plc,1,1,0,6/29/2010 0:00,12/28/2010 0:00,12/28/2010 0:00,6/28/2011 0:00,225.7837067,70.25401707,-0.067024095,-0.349886556
0,test,Hargreaves_Lansdown_Plc,Smiths_Group_plc,1,1,0,6/29/2010 0:00,12/28/2010 0:00,12/28/2010 0:00,6/28/2011 0:00,240.3564453,96.45351044,0.027056865,0.039642889
0,train,Hargreaves_Lansdown_Plc,Smiths_Group_plc,1,1,0.5,7/1/2008 0:00,12/30/2008 0:00,12/30/2008 0:00,6/30/2009 0:00,83.02546692,36.46372126,0.073598661,0.076390291
0,test,Hargreaves_Lansdown_Plc,Smiths_Group_plc,1,1,0.5,7/1/2008 0:00,12/30/2008 0:00,12/30/2008 0:00,6/30/2009 0:00,0,0,nan,nan
0,train,Hargreaves_Lansdown_Plc,Smiths_Group_plc,1,1,0.5,12/30/2008 0:00,6/30/2009 0:00,6/30/2009 0:00,12/29/2009 0:00,467.5403137,165.2653713,0.100093759,0.099988198
0,test,Hargreaves_Lansdown_Plc,Smiths_Group_plc,1,1,0.5,12/30/2008 0:00,6/30/2009 0:00,6/30/2009 0:00,12/29/2009 0:00,-490.8890381,175.2673427,-0.066367556,-0.233073165
0,train,Hargreaves_Lansdown_Plc,Smiths_Group_plc,1,1,0.5,6/29/2010 0:00,12/28/2010 0:00,12/28/2010 0:00,6/28/2011 0:00,341.7781067,117.7420336,0.108562212,0.108407599
0,test,Hargreaves_Lansdown_Plc,Smiths_Group_plc,1,1,0.5,6/29/2010 0:00,12/28/2010 0:00,12/28/2010 0:00,6/28/2011 0:00,285.0630798,113.5587026,0.164583119,0.163235265
0,train,Hargreaves_Lansdown_Plc,Smiths_Group_plc,1,1,1,7/1/2008 0:00,12/30/2008 0:00,12/30/2008 0:00,6/30/2009 0:00,162.8913269,53.90687649,0.036820289,0.039160302
0,test,Hargreaves_Lansdown_Plc,Smiths_Group_plc,1,1,1,7/1/2008 0:00,12/30/2008 0:00,12/30/2008 0:00,6/30/2009 0:00,0,0,nan,nan
0,train,Hargreaves_Lansdown_Plc,Smiths_Group_plc,1,1,1,12/30/2008 0:00,6/30/2009 0:00,6/30/2009 0:00,12/29/2009 0:00,437.705658,157.9456862,0.106503896,0.106350257
0,test,Hargreaves_Lansdown_Plc,Smiths_Group_plc,1,1,1,12/30/2008 0:00,6/30/2009 0:00,6/30/2009 0:00,12/29/2009 0:00,-466.1708374,168.6371194,-0.038765958,-0.064592927
0,train,Hargreaves_Lansdown_Plc,Smiths_Group_plc,1,1,1,6/29/2010 0:00,12/28/2010 0:00,12/28/2010 0:00,6/28/2011 0:00,270.0214233,85.00931997,0.107741159,0.107605825
0,test,Hargreaves_Lansdown_Plc,Smiths_Group_plc,1,1,1,6/29/2010 0:00,12/28/2010 0:00,12/28/2010 0:00,6/28/2011 0:00,256.8630676,103.9143628,0.164615951,0.163313489
0,train,Hargreaves_Lansdown_Plc,Smiths_Group_plc,1,1.5,0,7/1/2008 0:00,12/30/2008 0:00,12/30/2008 0:00,6/30/2009 0:00,121.0967789,42.70350161,0.025080311,0.028763119
0,test,Hargreaves_Lansdown_Plc,Smiths_Group_plc,1,1.5,0,7/1/2008 0:00,12/30/2008 0:00,12/30/2008 0:00,6/30/2009 0:00,-117.4338684,57.11214041,0.124356845,0.124030047
0,train,Hargreaves_Lansdown_Plc,Smiths_Group_plc,1,1.5,0,12/30/2008 0:00,6/30/2009 0:00,6/30/2009 0:00,12/29/2009 0:00,265.4595642,100.0756155,-0.109195777,-1.315817881
0,test,Hargreaves_Lansdown_Plc,Smiths_Group_plc,1,1.5,0,12/30/2008 0:00,6/30/2009 0:00,6/30/2009 0:00,12/29/2009 0:00,-467.3722839,168.6888087,0.011556164,0.020474592
0,train,Hargreaves_Lansdown_Plc,Smiths_Group_plc,1,1.5,0,6/29/2010 0:00,12/28/2010 0:00,12/28/2010 0:00,6/28/2011 0:00,299.5012207,102.3613318,-0.027665911,-0.063625355
0,test,Hargreaves_Lansdown_Plc,Smiths_Group_plc,1,1.5,0,6/29/2010 0:00,12/28/2010 0:00,12/28/2010 0:00,6/28/2011 0:00,158.7878876,68.27424917,0.119470808,0.120155295
0,train,Hargreaves_Lansdown_Plc,Smiths_Group_plc,1,1.5,0.5,7/1/2008 0:00,12/30/2008 0:00,12/30/2008 0:00,6/30/2009 0:00,97.73857117,38.03906229,0.105354776,0.115502653
0,test,Hargreaves_Lansdown_Plc,Smiths_Group_plc,1,1.5,0.5,7/1/2008 0:00,12/30/2008 0:00,12/30/2008 0:00,6/30/2009 0:00,-117.4338684,57.11214041,0.124356845,0.124030047
0,train,Hargreaves_Lansdown_Plc,Smiths_Group_plc,1,1.5,0.5,12/30/2008 0:00,6/30/2009 0:00,6/30/2009 0:00,12/29/2009 0:00,274.6512451,88.28101701,-0.109087853,-1.324469456
0,test,Hargreaves_Lansdown_Plc,Smiths_Group_plc,1,1.5,0.5,12/30/2008 0:00,6/30/2009 0:00,6/30/2009 0:00,12/29/2009 0:00,-467.3722839,168.6888087,0.011556164,0.020474592
0,train,Hargreaves_Lansdown_Plc,Smiths_Group_plc,1,1.5,0.5,6/29/2010 0:00,12/28/2010 0:00,12/28/2010 0:00,6/28/2011 0:00,272.953186,95.43456215,-0.029067379,-0.066941339
0,test,Hargreaves_Lansdown_Plc,Smiths_Group_plc,1,1.5,0.5,6/29/2010 0:00,12/28/2010 0:00,12/28/2010 0:00,6/28/2011 0:00,158.7878876,68.27424917,0.119470808,0.120155295
0,train,Hargreaves_Lansdown_Plc,Smiths_Group_plc,1,1.5,1,7/1/2008 0:00,12/30/2008 0:00,12/30/2008 0:00,6/30/2009 0:00,153.9118652,53.76994824,0.003502907,0.005495683
0,test,Hargreaves_Lansdown_Plc,Smiths_Group_plc,1,1.5,1,7/1/2008 0:00,12/30/2008 0:00,12/30/2008 0:00,6/30/2009 0:00,-117.4338684,57.11214041,0.124356845,0.124030047
0,train,Hargreaves_Lansdown_Plc,Smiths_Group_plc,1,1.5,1,12/30/2008 0:00,6/30/2009 0:00,6/30/2009 0:00,12/29/2009 0:00,341.6382141,119.4430702,-0.106822605,-1.126899511
0,test,Hargreaves_Lansdown_Plc,Smiths_Group_plc,1,1.5,1,12/30/2008 0:00,6/30/2009 0:00,6/30/2009 0:00,12/29/2009 0:00,-467.3722839,168.6888087,0.011556164,0.020474592
0,train,Hargreaves_Lansdown_Plc,Smiths_Group_plc,1,1.5,1,6/29/2010 0:00,12/28/2010 0:00,12/28/2010 0:00,6/28/2011 0:00,195.7259064,61.90817046,-0.030704945,-0.070577116
0,test,Hargreaves_Lansdown_Plc,Smiths_Group_plc,1,1.5,1,6/29/2010 0:00,12/28/2010 0:00,12/28/2010 0:00,6/28/2011 0:00,178.3608856,76.52599796,0.113532801,0.114214618
0,train,Hargreaves_Lansdown_Plc,Smiths_Group_plc,1,1.5,1.5,7/1/2008 0:00,12/30/2008 0:00,12/30/2008 0:00,6/30/2009 0:00,254.1761169,94.15303341,0.116690113,0.116518121
0,test,Hargreaves_Lansdown_Plc,Smiths_Group_plc,1,1.5,1.5,7/1/2008 0:00,12/30/2008 0:00,12/30/2008 0:00,6/30/2009 0:00,-117.4338684,57.11214041,0.124356845,0.124030047
0,train,Hargreaves_Lansdown_Plc,Smiths_Group_plc,1,1.5,1.5,12/30/2008 0:00,6/30/2009 0:00,6/30/2009 0:00,12/29/2009 0:00,235.9069672,99.36822651,-0.103588996,-0.737638918
0,test,Hargreaves_Lansdown_Plc,Smiths_Group_plc,1,1.5,1.5,12/30/2008 0:00,6/30/2009 0:00,6/30/2009 0:00,12/29/2009 0:00,-467.3722839,168.6888087,0.011556164,0.020474592
0,train,Hargreaves_Lansdown_Plc,Smiths_Group_plc,1,1.5,1.5,6/29/2010 0:00,12/28/2010 0:00,12/28/2010 0:00,6/28/2011 0:00,150.115097,51.12327362,-0.033791355,-0.077835905
0,test,Hargreaves_Lansdown_Plc,Smiths_Group_plc,1,1.5,1.5,6/29/2010 0:00,12/28/2010 0:00,12/28/2010 0:00,6/28/2011 0:00,178.3608856,76.52599796,0.113532801,0.114214618
0,train,Hargreaves_Lansdown_Plc,Smiths_Group_plc,1,2,0,7/1/2008 0:00,12/30/2008 0:00,12/30/2008 0:00,6/30/2009 0:00,223.7777557,79.66496049,-0.056135843,-0.128928722
0,test,Hargreaves_Lansdown_Plc,Smiths_Group_plc,1,2,0,7/1/2008 0:00,12/30/2008 0:00,12/30/2008 0:00,6/30/2009 0:00,-141.6935425,63.1994247,-0.040983704,-0.103559446
0,train,Hargreaves_Lansdown_Plc,Smiths_Group_plc,1,2,0,12/30/2008 0:00,6/30/2009 0:00,6/30/2009 0:00,12/29/2009 0:00,176.0856934,63.54200972,0.099698154,0.099616297
0,test,Hargreaves_Lansdown_Plc,Smiths_Group_plc,1,2,0,12/30/2008 0:00,6/30/2009 0:00,6/30/2009 0:00,12/29/2009 0:00,-425.2167969,156.7534061,-0.109565629,-0.315510509
0,train,Hargreaves_Lansdown_Plc,Smiths_Group_plc,1,2,0,6/29/2010 0:00,12/28/2010 0:00,12/28/2010 0:00,6/28/2011 0:00,237.0084229,79.8430192,-0.029555449,-0.068019259
0,test,Hargreaves_Lansdown_Plc,Smiths_Group_plc,1,2,0,6/29/2010 0:00,12/28/2010 0:00,12/28/2010 0:00,6/28/2011 0:00,275.7999878,107.4480375,-0.087152665,-0.813889712
0,train,Hargreaves_Lansdown_Plc,Smiths_Group_plc,1,2,0.5,7/1/2008 0:00,12/30/2008 0:00,12/30/2008 0:00,6/30/2009 0:00,200.4195557,69.65241537,-0.050408704,-0.113741129
0,test,Hargreaves_Lansdown_Plc,Smiths_Group_plc,1,2,0.5,7/1/2008 0:00,12/30/2008 0:00,12/30/2008 0:00,6/30/2009 0:00,-141.6935425,63.1994247,-0.040983704,-0.103559446
0,train,Hargreaves_Lansdown_Plc,Smiths_Group_plc,1,2,0.5,12/30/2008 0:00,6/30/2009 0:00,6/30/2009 0:00,12/29/2009 0:00,167.4750519,49.16316253,0.09939078,0.099311992
0,test,Hargreaves_Lansdown_Plc,Smiths_Group_plc,1,2,0.5,12/30/2008 0:00,6/30/2009 0:00,6/30/2009 0:00,12/29/2009 0:00,-425.2167969,156.7534061,-0.109565629,-0.315510509
0,train,Hargreaves_Lansdown_Plc,Smiths_Group_plc,1,2,0.5,6/29/2010 0:00,12/28/2010 0:00,12/28/2010 0:00,6/28/2011 0:00,210.4604034,72.83527162,-0.031589931,-0.07288719
0,test,Hargreaves_Lansdown_Plc,Smiths_Group_plc,1,2,0.5,6/29/2010 0:00,12/28/2010 0:00,12/28/2010 0:00,6/28/2011 0:00,252.1552277,97.58957157,-0.087998824,-0.824495987
0,train,Hargreaves_Lansdown_Plc,Smiths_Group_plc,1,2,1,7/1/2008 0:00,12/30/2008 0:00,12/30/2008 0:00,6/30/2009 0:00,259.971283,91.76842915,-0.028651295,-0.056949565
0,test,Hargreaves_Lansdown_Plc,Smiths_Group_plc,1,2,1,7/1/2008 0:00,12/30/2008 0:00,12/30/2008 0:00,6/30/2009 0:00,-141.6935425,63.1994247,-0.040983704,-0.103559446
0,train,Hargreaves_Lansdown_Plc,Smiths_Group_plc,1,2,1,12/30/2008 0:00,6/30/2009 0:00,6/30/2009 0:00,12/29/2009 0:00,226.3704681,85.48089351,0.130044771,0.129454828
0,test,Hargreaves_Lansdown_Plc,Smiths_Group_plc,1,2,1,12/30/2008 0:00,6/30/2009 0:00,6/30/2009 0:00,12/29/2009 0:00,-425.2167969,156.7534061,-0.109565629,-0.315510509
0,train,Hargreaves_Lansdown_Plc,Smiths_Group_plc,1,2,1,6/29/2010 0:00,12/28/2010 0:00,12/28/2010 0:00,6/28/2011 0:00,130.5964508,46.55970301,-0.035454905,-0.081824017
0,test,Hargreaves_Lansdown_Plc,Smiths_Group_plc,1,2,1,6/29/2010 0:00,12/28/2010 0:00,12/28/2010 0:00,6/28/2011 0:00,255.1993408,99.60997331,-0.088434809,-0.841931498
0,train,Hargreaves_Lansdown_Plc,Smiths_Group_plc,1,2,1.5,7/1/2008 0:00,12/30/2008 0:00,12/30/2008 0:00,6/30/2009 0:00,309.7327576,117.2235262,-0.04927858,-0.106387553
0,test,Hargreaves_Lansdown_Plc,Smiths_Group_plc,1,2,1.5,7/1/2008 0:00,12/30/2008 0:00,12/30/2008 0:00,6/30/2009 0:00,-141.6935425,63.1994247,-0.040983704,-0.103559446
0,train,Hargreaves_Lansdown_Plc,Smiths_Group_plc,1,2,1.5,12/30/2008 0:00,6/30/2009 0:00,6/30/2009 0:00,12/29/2009 0:00,164.4682312,72.84217019,0.127784439,0.127243361
0,test,Hargreaves_Lansdown_Plc,Smiths_Group_plc,1,2,1.5,12/30/2008 0:00,6/30/2009 0:00,6/30/2009 0:00,12/29/2009 0:00,-425.2167969,156.7534061,-0.109565629,-0.315510509
0,train,Hargreaves_Lansdown_Plc,Smiths_Group_plc,1,2,1.5,6/29/2010 0:00,12/28/2010 0:00,12/28/2010 0:00,6/28/2011 0:00,105.3683853,38.41420351,-0.036695873,-0.084537088
0,test,Hargreaves_Lansdown_Plc,Smiths_Group_plc,1,2,1.5,6/29/2010 0:00,12/28/2010 0:00,12/28/2010 0:00,6/28/2011 0:00,239.495224,94.41462459,-0.088522756,-0.832693248
0,train,Hargreaves_Lansdown_Plc,Smiths_Group_plc,1,2,2,7/1/2008 0:00,12/30/2008 0:00,12/30/2008 0:00,6/30/2009 0:00,504.8842773,189.0621139,-0.050230993,-0.11192054
0,test,Hargreaves_Lansdown_Plc,Smiths_Group_plc,1,2,2,7/1/2008 0:00,12/30/2008 0:00,12/30/2008 0:00,6/30/2009 0:00,-141.6935425,63.1994247,-0.040983704,-0.103559446
0,train,Hargreaves_Lansdown_Plc,Smiths_Group_plc,1,2,2,12/30/2008 0:00,6/30/2009 0:00,6/30/2009 0:00,12/29/2009 0:00,40.19525909,17.62529394,0.110656988,0.110525818
0,test,Hargreaves_Lansdown_Plc,Smiths_Group_plc,1,2,2,12/30/2008 0:00,6/30/2009 0:00,6/30/2009 0:00,12/29/2009 0:00,-425.2167969,156.7534061,-0.109565629,-0.315510509
0,train,Hargreaves_Lansdown_Plc,Smiths_Group_plc,1,2,2,6/29/2010 0:00,12/28/2010 0:00,12/28/2010 0:00,6/28/2011 0:00,84.86784363,29.99945124,-0.015274261,-0.025893362
0,test,Hargreaves_Lansdown_Plc,Smiths_Group_plc,1,2,2,6/29/2010 0:00,12/28/2010 0:00,12/28/2010 0:00,6/28/2011 0:00,95.46943665,41.86734687,-0.09406667,-0.948287866
0,train,Hargreaves_Lansdown_Plc,Smiths_Group_plc,1,2.5,0,7/1/2008 0:00,12/30/2008 0:00,12/30/2008 0:00,6/30/2009 0:00,261.9458618,95.2766069,-0.061177548,-0.142141267
0,test,Hargreaves_Lansdown_Plc,Smiths_Group_plc,1,2.5,0,7/1/2008 0:00,12/30/2008 0:00,12/30/2008 0:00,6/30/2009 0:00,-125.0231476,58.2026291,0.144687514,0.147478106
0,train,Hargreaves_Lansdown_Plc,Smiths_Group_plc,1,2.5,0,12/30/2008 0:00,6/30/2009 0:00,6/30/2009 0:00,12/29/2009 0:00,84.22241211,20.6341214,0.09457887,0.094530037
0,test,Hargreaves_Lansdown_Plc,Smiths_Group_plc,1,2.5,0,12/30/2008 0:00,6/30/2009 0:00,6/30/2009 0:00,12/29/2009 0:00,-425.2167969,156.7534061,-0.109565629,-0.315510509
0,train,Hargreaves_Lansdown_Plc,Smiths_Group_plc,1,2.5,0,6/29/2010 0:00,12/28/2010 0:00,12/28/2010 0:00,6/28/2011 0:00,83.67438507,32.64459398,0.083434053,0.086385212
0,test,Hargreaves_Lansdown_Plc,Smiths_Group_plc,1,2.5,0,6/29/2010 0:00,12/28/2010 0:00,12/28/2010 0:00,6/28/2011 0:00,293.8744202,111.8890735,-0.072777029,-0.52947002
0,train,Hargreaves_Lansdown_Plc,Smiths_Group_plc,1,2.5,0.5,7/1/2008 0:00,12/30/2008 0:00,12/30/2008 0:00,6/30/2009 0:00,238.5876617,85.06389608,-0.061050258,-0.14166202
0,test,Hargreaves_Lansdown_Plc,Smiths_Group_plc,1,2.5,0.5,7/1/2008 0:00,12/30/2008 0:00,12/30/2008 0:00,6/30/2009 0:00,-125.0231476,58.2026291,0.144687514,0.147478106
0,train,Hargreaves_Lansdown_Plc,Smiths_Group_plc,1,2.5,0.5,12/30/2008 0:00,6/30/2009 0:00,6/30/2009 0:00,12/29/2009 0:00,107.7599869,21.39758603,0.09544984,0.095388109
0,test,Hargreaves_Lansdown_Plc,Smiths_Group_plc,1,2.5,0.5,12/30/2008 0:00,6/30/2009 0:00,6/30/2009 0:00,12/29/2009 0:00,-425.2167969,156.7534061,-0.109565629,-0.315510509
0,train,Hargreaves_Lansdown_Plc,Smiths_Group_plc,1,2.5,0.5,6/29/2010 0:00,12/28/2010 0:00,12/28/2010 0:00,6/28/2011 0:00,83.67438507,32.64459398,0.083434053,0.086385212
0,test,Hargreaves_Lansdown_Plc,Smiths_Group_plc,1,2.5,0.5,6/29/2010 0:00,12/28/2010 0:00,12/28/2010 0:00,6/28/2011 0:00,270.2296753,102.0076614,-0.073274549,-0.533239975
0,train,Hargreaves_Lansdown_Plc,Smiths_Group_plc,1,2.5,1,7/1/2008 0:00,12/30/2008 0:00,12/30/2008 0:00,6/30/2009 0:00,279.9803772,107.2111154,-0.062578296,-0.146091299
0,test,Hargreaves_Lansdown_Plc,Smiths_Group_plc,1,2.5,1,7/1/2008 0:00,12/30/2008 0:00,12/30/2008 0:00,6/30/2009 0:00,-125.0231476,58.2026291,0.144687514,0.147478106
0,train,Hargreaves_Lansdown_Plc,Smiths_Group_plc,1,2.5,1,12/30/2008 0:00,6/30/2009 0:00,6/30/2009 0:00,12/29/2009 0:00,84.78288269,15.47933203,0.094259878,0.094204691
0,test,Hargreaves_Lansdown_Plc,Smiths_Group_plc,1,2.5,1,12/30/2008 0:00,6/30/2009 0:00,6/30/2009 0:00,12/29/2009 0:00,-425.2167969,156.7534061,-0.109565629,-0.315510509
0,train,Hargreaves_Lansdown_Plc,Smiths_Group_plc,1,2.5,1,6/29/2010 0:00,12/28/2010 0:00,12/28/2010 0:00,6/28/2011 0:00,56.13821793,21.47343651,0.080311726,0.08317753
0,test,Hargreaves_Lansdown_Plc,Smiths_Group_plc,1,2.5,1,6/29/2010 0:00,12/28/2010 0:00,12/28/2010 0:00,6/28/2011 0:00,125.299118,53.04933344,-0.076965008,-0.570414144
0,train,Hargreaves_Lansdown_Plc,Smiths_Group_plc,1,2.5,1.5,7/1/2008 0:00,12/30/2008 0:00,12/30/2008 0:00,6/30/2009 0:00,246.998642,97.14860634,-0.063945781,-0.149415868
0,test,Hargreaves_Lansdown_Plc,Smiths_Group_plc,1,2.5,1.5,7/1/2008 0:00,12/30/2008 0:00,12/30/2008 0:00,6/30/2009 0:00,-125.0231476,58.2026291,0.144687514,0.147478106
0,train,Hargreaves_Lansdown_Plc,Smiths_Group_plc,1,2.5,1.5,12/30/2008 0:00,6/30/2009 0:00,6/30/2009 0:00,12/29/2009 0:00,45.73360062,10.96783091,0.091023106,0.090996134
0,test,Hargreaves_Lansdown_Plc,Smiths_Group_plc,1,2.5,1.5,12/30/2008 0:00,6/30/2009 0:00,6/30/2009 0:00,12/29/2009 0:00,-425.2167969,156.7534061,-0.109565629,-0.315510509
0,train,Hargreaves_Lansdown_Plc,Smiths_Group_plc,1,2.5,1.5,6/29/2010 0:00,12/28/2010 0:00,12/28/2010 0:00,6/28/2011 0:00,48.89223862,18.85327648,0.079389341,0.082228454
0,test,Hargreaves_Lansdown_Plc,Smiths_Group_plc,1,2.5,1.5,6/29/2010 0:00,12/28/2010 0:00,12/28/2010 0:00,6/28/2011 0:00,109.594986,46.21978591,-0.077478727,-0.574679151
0,train,Hargreaves_Lansdown_Plc,Smiths_Group_plc,1,2.5,2,7/1/2008 0:00,12/30/2008 0:00,12/30/2008 0:00,6/30/2009 0:00,373.0853882,143.2081892,-0.022557167,-0.048256765
0,test,Hargreaves_Lansdown_Plc,Smiths_Group_plc,1,2.5,2,7/1/2008 0:00,12/30/2008 0:00,12/30/2008 0:00,6/30/2009 0:00,-125.0231476,58.2026291,0.144687514,0.147478106
0,train,Hargreaves_Lansdown_Plc,Smiths_Group_plc,1,2.5,2,12/30/2008 0:00,6/30/2009 0:00,6/30/2009 0:00,12/29/2009 0:00,33.5823555,9.277775728,0.089672035,0.089656405
0,test,Hargreaves_Lansdown_Plc,Smiths_Group_plc,1,2.5,2,12/30/2008 0:00,6/30/2009 0:00,6/30/2009 0:00,12/29/2009 0:00,-425.2167969,156.7534061,-0.109565629,-0.315510509
0,train,Hargreaves_Lansdown_Plc,Smiths_Group_plc,1,2.5,2,6/29/2010 0:00,12/28/2010 0:00,12/28/2010 0:00,6/28/2011 0:00,17.05446053,7.815964954,0.09070032,0.093158273
0,test,Hargreaves_Lansdown_Plc,Smiths_Group_plc,1,2.5,2,6/29/2010 0:00,12/28/2010 0:00,12/28/2010 0:00,6/28/2011 0:00,103.7239151,43.69768088,-0.077671587,-0.576011861
0,train,Hargreaves_Lansdown_Plc,Smiths_Group_plc,1,2.5,2.5,7/1/2008 0:00,12/30/2008 0:00,12/30/2008 0:00,6/30/2009 0:00,291.9742737,108.2076749,-0.02367687,-0.05063502
0,test,Hargreaves_Lansdown_Plc,Smiths_Group_plc,1,2.5,2.5,7/1/2008 0:00,12/30/2008 0:00,12/30/2008 0:00,6/30/2009 0:00,-125.0231476,58.2026291,0.144687514,0.147478106
0,train,Hargreaves_Lansdown_Plc,Smiths_Group_plc,1,2.5,2.5,12/30/2008 0:00,6/30/2009 0:00,6/30/2009 0:00,12/29/2009 0:00,33.5823555,9.277775728,0.089672035,0.089656405
0,test,Hargreaves_Lansdown_Plc,Smiths_Group_plc,1,2.5,2.5,12/30/2008 0:00,6/30/2009 0:00,6/30/2009 0:00,12/29/2009 0:00,-397.4165649,147.9574803,-0.029355441,-0.055675385
0,train,Hargreaves_Lansdown_Plc,Smiths_Group_plc,1,2.5,2.5,6/29/2010 0:00,12/28/2010 0:00,12/28/2010 0:00,6/28/2011 0:00,7.705899239,6.03634396,0.086695172,0.089081845
0,test,Hargreaves_Lansdown_Plc,Smiths_Group_plc,1,2.5,2.5,6/29/2010 0:00,12/28/2010 0:00,12/28/2010 0:00,6/28/2011 0:00,73.78196716,32.88737569,-0.079012456,-0.587792286
0,train,Hargreaves_Lansdown_Plc,Smiths_Group_plc,1,3,0,7/1/2008 0:00,12/30/2008 0:00,12/30/2008 0:00,6/30/2009 0:00,206.6947327,79.432858,0.050917319,0.053733414
0,test,Hargreaves_Lansdown_Plc,Smiths_Group_plc,1,3,0,7/1/2008 0:00,12/30/2008 0:00,12/30/2008 0:00,6/30/2009 0:00,-125.0231476,58.2026291,0.144687514,0.147478106
0,train,Hargreaves_Lansdown_Plc,Smiths_Group_plc,1,3,0,12/30/2008 0:00,6/30/2009 0:00,6/30/2009 0:00,12/29/2009 0:00,0,0,nan,nan
0,test,Hargreaves_Lansdown_Plc,Smiths_Group_plc,1,3,0,12/30/2008 0:00,6/30/2009 0:00,6/30/2009 0:00,12/29/2009 0:00,-403.7374573,147.921016,-0.026523256,-0.066650499
0,train,Hargreaves_Lansdown_Plc,Smiths_Group_plc,1,3,0,6/29/2010 0:00,12/28/2010 0:00,12/28/2010 0:00,6/28/2011 0:00,62.37668228,29.69924752,0.048498234,0.052319871
0,test,Hargreaves_Lansdown_Plc,Smiths_Group_plc,1,3,0,6/29/2010 0:00,12/28/2010 0:00,12/28/2010 0:00,6/28/2011 0:00,135.4089203,60.71774976,-0.076181022,-0.561025201
0,train,Hargreaves_Lansdown_Plc,Smiths_Group_plc,1,3,0.5,7/1/2008 0:00,12/30/2008 0:00,12/30/2008 0:00,6/30/2009 0:00,183.3365173,69.47708076,0.050998703,0.053819103
0,test,Hargreaves_Lansdown_Plc,Smiths_Group_plc,1,3,0.5,7/1/2008 0:00,12/30/2008 0:00,12/30/2008 0:00,6/30/2009 0:00,-125.0231476,58.2026291,0.144687514,0.147478106
0,train,Hargreaves_Lansdown_Plc,Smiths_Group_plc,1,3,0.5,12/30/2008 0:00,6/30/2009 0:00,6/30/2009 0:00,12/29/2009 0:00,0,0,nan,nan
0,test,Hargreaves_Lansdown_Plc,Smiths_Group_plc,1,3,0.5,12/30/2008 0:00,6/30/2009 0:00,6/30/2009 0:00,12/29/2009 0:00,-403.7374573,147.921016,-0.026523256,-0.066650499
0,train,Hargreaves_Lansdown_Plc,Smiths_Group_plc,1,3,0.5,6/29/2010 0:00,12/28/2010 0:00,12/28/2010 0:00,6/28/2011 0:00,62.37668228,29.69924752,0.048498234,0.052319871
0,test,Hargreaves_Lansdown_Plc,Smiths_Group_plc,1,3,0.5,6/29/2010 0:00,12/28/2010 0:00,12/28/2010 0:00,6/28/2011 0:00,111.764183,50.93965277,-0.077251613,-0.571569791
0,train,Hargreaves_Lansdown_Plc,Smiths_Group_plc,1,3,1,7/1/2008 0:00,12/30/2008 0:00,12/30/2008 0:00,6/30/2009 0:00,150.0016632,61.02465544,0.051117429,0.053944121
0,test,Hargreaves_Lansdown_Plc,Smiths_Group_plc,1,3,1,7/1/2008 0:00,12/30/2008 0:00,12/30/2008 0:00,6/30/2009 0:00,-125.0231476,58.2026291,0.144687514,0.147478106
0,train,Hargreaves_Lansdown_Plc,Smiths_Group_plc,1,3,1,12/30/2008 0:00,6/30/2009 0:00,6/30/2009 0:00,12/29/2009 0:00,0,0,nan,nan
0,test,Hargreaves_Lansdown_Plc,Smiths_Group_plc,1,3,1,12/30/2008 0:00,6/30/2009 0:00,6/30/2009 0:00,12/29/2009 0:00,-403.7374573,147.921016,-0.026523256,-0.066650499
0,train,Hargreaves_Lansdown_Plc,Smiths_Group_plc,1,3,1,6/29/2010 0:00,12/28/2010 0:00,12/28/2010 0:00,6/28/2011 0:00,34.84051895,17.05556655,0.043486351,0.046936323
0,test,Hargreaves_Lansdown_Plc,Smiths_Group_plc,1,3,1,6/29/2010 0:00,12/28/2010 0:00,12/28/2010 0:00,6/28/2011 0:00,95.23530579,43.86920813,-0.078027359,-0.579418751
0,train,Hargreaves_Lansdown_Plc,Smiths_Group_plc,1,3,1.5,7/1/2008 0:00,12/30/2008 0:00,12/30/2008 0:00,6/30/2009 0:00,117.019928,50.87227181,0.0521013,0.05497925
0,test,Hargreaves_Lansdown_Plc,Smiths_Group_plc,1,3,1.5,7/1/2008 0:00,12/30/2008 0:00,12/30/2008 0:00,6/30/2009 0:00,-125.0231476,58.2026291,0.144687514,0.147478106
0,train,Hargreaves_Lansdown_Plc,Smiths_Group_plc,1,3,1.5,12/30/2008 0:00,6/30/2009 0:00,6/30/2009 0:00,12/29/2009 0:00,0,0,nan,nan
0,test,Hargreaves_Lansdown_Plc,Smiths_Group_plc,1,3,1.5,12/30/2008 0:00,6/30/2009 0:00,6/30/2009 0:00,12/29/2009 0:00,-403.7374573,147.921016,-0.026523256,-0.066650499
0,train,Hargreaves_Lansdown_Plc,Smiths_Group_plc,1,3,1.5,6/29/2010 0:00,12/28/2010 0:00,12/28/2010 0:00,6/28/2011 0:00,27.59454155,13.7431236,0.041904912,0.045233074
0,test,Hargreaves_Lansdown_Plc,Smiths_Group_plc,1,3,1.5,6/29/2010 0:00,12/28/2010 0:00,12/28/2010 0:00,6/28/2011 0:00,79.53117371,36.9620923,-0.078734581,-0.585595521
0,train,Hargreaves_Lansdown_Plc,Smiths_Group_plc,1,3,2,7/1/2008 0:00,12/30/2008 0:00,12/30/2008 0:00,6/30/2009 0:00,275.5254517,109.8262387,-0.092323018,-0.318320655
0,test,Hargreaves_Lansdown_Plc,Smiths_Group_plc,1,3,2,7/1/2008 0:00,12/30/2008 0:00,12/30/2008 0:00,6/30/2009 0:00,-125.0231476,58.2026291,0.144687514,0.147478106
0,train,Hargreaves_Lansdown_Plc,Smiths_Group_plc,1,3,2,12/30/2008 0:00,6/30/2009 0:00,6/30/2009 0:00,12/29/2009 0:00,0,0,nan,nan
0,test,Hargreaves_Lansdown_Plc,Smiths_Group_plc,1,3,2,12/30/2008 0:00,6/30/2009 0:00,6/30/2009 0:00,12/29/2009 0:00,-403.7374573,147.921016,-0.026523256,-0.066650499
0,train,Hargreaves_Lansdown_Plc,Smiths_Group_plc,1,3,2,6/29/2010 0:00,12/28/2010 0:00,12/28/2010 0:00,6/28/2011 0:00,16.28631592,8.577894291,0.036633436,0.039565123
0,test,Hargreaves_Lansdown_Plc,Smiths_Group_plc,1,3,2,6/29/2010 0:00,12/28/2010 0:00,12/28/2010 0:00,6/28/2011 0:00,73.66010284,34.3951913,-0.07901924,-0.587856186
0,train,Hargreaves_Lansdown_Plc,Smiths_Group_plc,1,3,2.5,7/1/2008 0:00,12/30/2008 0:00,12/30/2008 0:00,6/30/2009 0:00,218.9242859,90.90466896,-0.092494764,-0.318870341
0,test,Hargreaves_Lansdown_Plc,Smiths_Group_plc,1,3,2.5,7/1/2008 0:00,12/30/2008 0:00,12/30/2008 0:00,6/30/2009 0:00,-125.0231476,58.2026291,0.144687514,0.147478106
0,train,Hargreaves_Lansdown_Plc,Smiths_Group_plc,1,3,2.5,12/30/2008 0:00,6/30/2009 0:00,6/30/2009 0:00,12/29/2009 0:00,0,0,nan,nan
0,test,Hargreaves_Lansdown_Plc,Smiths_Group_plc,1,3,2.5,12/30/2008 0:00,6/30/2009 0:00,6/30/2009 0:00,12/29/2009 0:00,-403.7374573,147.921016,-0.026523256,-0.066650499
0,train,Hargreaves_Lansdown_Plc,Smiths_Group_plc,1,3,2.5,6/29/2010 0:00,12/28/2010 0:00,12/28/2010 0:00,6/28/2011 0:00,6.937754154,4.515538246,0.02825883,0.030554166
0,test,Hargreaves_Lansdown_Plc,Smiths_Group_plc,1,3,2.5,6/29/2010 0:00,12/28/2010 0:00,12/28/2010 0:00,6/28/2011 0:00,64.25545502,30.28633973,-0.079541597,-0.592248473
0,train,Eurasian_Natural_Resources_Corp_Plc,The_Royal_Bank_of_Scotland_Group_plc,2,1,0,1/1/2008 0:00,7/1/2008 0:00,7/1/2008 0:00,12/30/2008 0:00,5646.554688,4734.797363,0.087849814,0.087848804
0,test,Eurasian_Natural_Resources_Corp_Plc,The_Royal_Bank_of_Scotland_Group_plc,2,1,0,1/1/2008 0:00,7/1/2008 0:00,7/1/2008 0:00,12/30/2008 0:00,0,0,nan,nan
0,train,Eurasian_Natural_Resources_Corp_Plc,The_Royal_Bank_of_Scotland_Group_plc,2,1,0,7/1/2008 0:00,12/30/2008 0:00,12/30/2008 0:00,6/30/2009 0:00,12018.43457,5479.313388,0.087503259,0.08750572
0,test,Eurasian_Natural_Resources_Corp_Plc,The_Royal_Bank_of_Scotland_Group_plc,2,1,0,7/1/2008 0:00,12/30/2008 0:00,12/30/2008 0:00,6/30/2009 0:00,0,0,nan,nan
0,train,Eurasian_Natural_Resources_Corp_Plc,The_Royal_Bank_of_Scotland_Group_plc,2,1,0,12/30/2008 0:00,6/30/2009 0:00,6/30/2009 0:00,12/29/2009 0:00,2427.210693,731.7506054,-0.097904914,-6.57892387
0,test,Eurasian_Natural_Resources_Corp_Plc,The_Royal_Bank_of_Scotland_Group_plc,2,1,0,12/30/2008 0:00,6/30/2009 0:00,6/30/2009 0:00,12/29/2009 0:00,-350.1200562,427.9958835,0.090073001,0.090073767
0,train,Eurasian_Natural_Resources_Corp_Plc,The_Royal_Bank_of_Scotland_Group_plc,2,1,0,12/29/2009 0:00,6/29/2010 0:00,6/29/2010 0:00,12/28/2010 0:00,nan,nan,nan,nan
0,test,Eurasian_Natural_Resources_Corp_Plc,The_Royal_Bank_of_Scotland_Group_plc,2,1,0,12/29/2009 0:00,6/29/2010 0:00,6/29/2010 0:00,12/28/2010 0:00,nan,nan,nan,nan
0,train,Eurasian_Natural_Resources_Corp_Plc,The_Royal_Bank_of_Scotland_Group_plc,2,1,0,6/29/2010 0:00,12/28/2010 0:00,12/28/2010 0:00,6/28/2011 0:00,1222.602905,452.9198776,0.079250803,0.079661063
0,test,Eurasian_Natural_Resources_Corp_Plc,The_Royal_Bank_of_Scotland_Group_plc,2,1,0,6/29/2010 0:00,12/28/2010 0:00,12/28/2010 0:00,6/28/2011 0:00,-482.6576843,165.2128366,-0.039976082,-0.098931686
0,train,Eurasian_Natural_Resources_Corp_Plc,The_Royal_Bank_of_Scotland_Group_plc,2,1,0.5,1/1/2008 0:00,7/1/2008 0:00,7/1/2008 0:00,12/30/2008 0:00,1580.249023,3370.934617,0.08756086,0.087563361
0,test,Eurasian_Natural_Resources_Corp_Plc,The_Royal_Bank_of_Scotland_Group_plc,2,1,0.5,1/1/2008 0:00,7/1/2008 0:00,7/1/2008 0:00,12/30/2008 0:00,0,0,nan,nan
0,train,Eurasian_Natural_Resources_Corp_Plc,The_Royal_Bank_of_Scotland_Group_plc,2,1,0.5,7/1/2008 0:00,12/30/2008 0:00,12/30/2008 0:00,6/30/2009 0:00,12323.59277,5505.23276,0.087742745,0.087742872
0,test,Eurasian_Natural_Resources_Corp_Plc,The_Royal_Bank_of_Scotland_Group_plc,2,1,0.5,7/1/2008 0:00,12/30/2008 0:00,12/30/2008 0:00,6/30/2009 0:00,0,0,nan,nan
0,train,Eurasian_Natural_Resources_Corp_Plc,The_Royal_Bank_of_Scotland_Group_plc,2,1,0.5,12/30/2008 0:00,6/30/2009 0:00,6/30/2009 0:00,12/29/2009 0:00,3130.112305,1090.0549,-0.097930612,-6.804496478
0,test,Eurasian_Natural_Resources_Corp_Plc,The_Royal_Bank_of_Scotland_Group_plc,2,1,0.5,12/30/2008 0:00,6/30/2009 0:00,6/30/2009 0:00,12/29/2009 0:00,-216.9618225,436.6571299,0.088869456,0.088866739
0,train,Eurasian_Natural_Resources_Corp_Plc,The_Royal_Bank_of_Scotland_Group_plc,2,1,0.5,12/29/2009 0:00,6/29/2010 0:00,6/29/2010 0:00,12/28/2010 0:00,nan,nan,nan,nan
0,test,Eurasian_Natural_Resources_Corp_Plc,The_Royal_Bank_of_Scotland_Group_plc,2,1,0.5,12/29/2009 0:00,6/29/2010 0:00,6/29/2010 0:00,12/28/2010 0:00,nan,nan,nan,nan
0,train,Eurasian_Natural_Resources_Corp_Plc,The_Royal_Bank_of_Scotland_Group_plc,2,1,0.5,6/29/2010 0:00,12/28/2010 0:00,12/28/2010 0:00,6/28/2011 0:00,947.3788452,349.5063183,0.079660095,0.080072868
0,test,Eurasian_Natural_Resources_Corp_Plc,The_Royal_Bank_of_Scotland_Group_plc,2,1,0.5,6/29/2010 0:00,12/28/2010 0:00,12/28/2010 0:00,6/28/2011 0:00,-591.7705078,160.380498,-0.080036311,-0.245175241
0,train,Eurasian_Natural_Resources_Corp_Plc,The_Royal_Bank_of_Scotland_Group_plc,2,1,1,1/1/2008 0:00,7/1/2008 0:00,7/1/2008 0:00,12/30/2008 0:00,6666.574707,4996.121904,0.087453726,0.087456993
0,test,Eurasian_Natural_Resources_Corp_Plc,The_Royal_Bank_of_Scotland_Group_plc,2,1,1,1/1/2008 0:00,7/1/2008 0:00,7/1/2008 0:00,12/30/2008 0:00,0,0,nan,nan
0,train,Eurasian_Natural_Resources_Corp_Plc,The_Royal_Bank_of_Scotland_Group_plc,2,1,1,7/1/2008 0:00,12/30/2008 0:00,12/30/2008 0:00,6/30/2009 0:00,11023.26172,5098.810219,0.10620497,0.106015029
0,test,Eurasian_Natural_Resources_Corp_Plc,The_Royal_Bank_of_Scotland_Group_plc,2,1,1,7/1/2008 0:00,12/30/2008 0:00,12/30/2008 0:00,6/30/2009 0:00,0,0,nan,nan
0,train,Eurasian_Natural_Resources_Corp_Plc,The_Royal_Bank_of_Scotland_Group_plc,2,1,1,12/30/2008 0:00,6/30/2009 0:00,6/30/2009 0:00,12/29/2009 0:00,3558.526367,1277.925435,-0.097962307,-7.051146203
0,test,Eurasian_Natural_Resources_Corp_Plc,The_Royal_Bank_of_Scotland_Group_plc,2,1,1,12/30/2008 0:00,6/30/2009 0:00,6/30/2009 0:00,12/29/2009 0:00,-386.3694153,382.1454278,0.08090543,0.081090979
0,train,Eurasian_Natural_Resources_Corp_Plc,The_Royal_Bank_of_Scotland_Group_plc,2,1,1,12/29/2009 0:00,6/29/2010 0:00,6/29/2010 0:00,12/28/2010 0:00,nan,nan,nan,nan
0,test,Eurasian_Natural_Resources_Corp_Plc,The_Royal_Bank_of_Scotland_Group_plc,2,1,1,12/29/2009 0:00,6/29/2010 0:00,6/29/2010 0:00,12/28/2010 0:00,nan,nan,nan,nan
0,train,Eurasian_Natural_Resources_Corp_Plc,The_Royal_Bank_of_Scotland_Group_plc,2,1,1,6/29/2010 0:00,12/28/2010 0:00,12/28/2010 0:00,6/28/2011 0:00,885.552063,338.2877511,0.07959737,0.080010249
0,test,Eurasian_Natural_Resources_Corp_Plc,The_Royal_Bank_of_Scotland_Group_plc,2,1,1,6/29/2010 0:00,12/28/2010 0:00,12/28/2010 0:00,6/28/2011 0:00,-690.0991211,171.592997,-0.095480508,-1.01820859
0,train,Eurasian_Natural_Resources_Corp_Plc,The_Royal_Bank_of_Scotland_Group_plc,2,1.5,0,1/1/2008 0:00,7/1/2008 0:00,7/1/2008 0:00,12/30/2008 0:00,8581.998047,6057.545691,-0.087140172,-13.8933527
0,test,Eurasian_Natural_Resources_Corp_Plc,The_Royal_Bank_of_Scotland_Group_plc,2,1.5,0,1/1/2008 0:00,7/1/2008 0:00,7/1/2008 0:00,12/30/2008 0:00,0,0,nan,nan
0,train,Eurasian_Natural_Resources_Corp_Plc,The_Royal_Bank_of_Scotland_Group_plc,2,1.5,0,7/1/2008 0:00,12/30/2008 0:00,12/30/2008 0:00,6/30/2009 0:00,6065.414063,3877.708592,-0.087712665,-67.30029369
0,test,Eurasian_Natural_Resources_Corp_Plc,The_Royal_Bank_of_Scotland_Group_plc,2,1.5,0,7/1/2008 0:00,12/30/2008 0:00,12/30/2008 0:00,6/30/2009 0:00,0,0,nan,nan
0,train,Eurasian_Natural_Resources_Corp_Plc,The_Royal_Bank_of_Scotland_Group_plc,2,1.5,0,12/30/2008 0:00,6/30/2009 0:00,6/30/2009 0:00,12/29/2009 0:00,2438.976563,768.4086798,0.087491727,0.087517582
0,test,Eurasian_Natural_Resources_Corp_Plc,The_Royal_Bank_of_Scotland_Group_plc,2,1.5,0,12/30/2008 0:00,6/30/2009 0:00,6/30/2009 0:00,12/29/2009 0:00,457.5222778,530.2883573,0.091615297,0.091589807
0,train,Eurasian_Natural_Resources_Corp_Plc,The_Royal_Bank_of_Scotland_Group_plc,2,1.5,0,12/29/2009 0:00,6/29/2010 0:00,6/29/2010 0:00,12/28/2010 0:00,nan,nan,nan,nan
0,test,Eurasian_Natural_Resources_Corp_Plc,The_Royal_Bank_of_Scotland_Group_plc,2,1.5,0,12/29/2009 0:00,6/29/2010 0:00,6/29/2010 0:00,12/28/2010 0:00,nan,nan,nan,nan
0,train,Eurasian_Natural_Resources_Corp_Plc,The_Royal_Bank_of_Scotland_Group_plc,2,1.5,0,6/29/2010 0:00,12/28/2010 0:00,12/28/2010 0:00,6/28/2011 0:00,1222.602905,452.9198776,0.079250803,0.079661063
0,test,Eurasian_Natural_Resources_Corp_Plc,The_Royal_Bank_of_Scotland_Group_plc,2,1.5,0,6/29/2010 0:00,12/28/2010 0:00,12/28/2010 0:00,6/28/2011 0:00,-18.23213959,268.4811299,-0.092044888,-3.587736072
0,train,Eurasian_Natural_Resources_Corp_Plc,The_Royal_Bank_of_Scotland_Group_plc,2,1.5,0.5,1/1/2008 0:00,7/1/2008 0:00,7/1/2008 0:00,12/30/2008 0:00,6236.162109,5086.838155,-0.087000537,-11.86872021
0,test,Eurasian_Natural_Resources_Corp_Plc,The_Royal_Bank_of_Scotland_Group_plc,2,1.5,0.5,1/1/2008 0:00,7/1/2008 0:00,7/1/2008 0:00,12/30/2008 0:00,0,0,nan,nan
0,train,Eurasian_Natural_Resources_Corp_Plc,The_Royal_Bank_of_Scotland_Group_plc,2,1.5,0.5,7/1/2008 0:00,12/30/2008 0:00,12/30/2008 0:00,6/30/2009 0:00,6788.963379,4120.73581,-0.087707145,-67.53793103
0,test,Eurasian_Natural_Resources_Corp_Plc,The_Royal_Bank_of_Scotland_Group_plc,2,1.5,0.5,7/1/2008 0:00,12/30/2008 0:00,12/30/2008 0:00,6/30/2009 0:00,0,0,nan,nan
0,train,Eurasian_Natural_Resources_Corp_Plc,The_Royal_Bank_of_Scotland_Group_plc,2,1.5,0.5,12/30/2008 0:00,6/30/2009 0:00,6/30/2009 0:00,12/29/2009 0:00,3284.588379,1138.01481,0.087549845,0.087574928
0,test,Eurasian_Natural_Resources_Corp_Plc,The_Royal_Bank_of_Scotland_Group_plc,2,1.5,0.5,12/30/2008 0:00,6/30/2009 0:00,6/30/2009 0:00,12/29/2009 0:00,283.1617432,479.5281177,0.091968038,0.091941368
0,train,Eurasian_Natural_Resources_Corp_Plc,The_Royal_Bank_of_Scotland_Group_plc,2,1.5,0.5,12/29/2009 0:00,6/29/2010 0:00,6/29/2010 0:00,12/28/2010 0:00,nan,nan,nan,nan
0,test,Eurasian_Natural_Resources_Corp_Plc,The_Royal_Bank_of_Scotland_Group_plc,2,1.5,0.5,12/29/2009 0:00,6/29/2010 0:00,6/29/2010 0:00,12/28/2010 0:00,nan,nan,nan,nan
0,train,Eurasian_Natural_Resources_Corp_Plc,The_Royal_Bank_of_Scotland_Group_plc,2,1.5,0.5,6/29/2010 0:00,12/28/2010 0:00,12/28/2010 0:00,6/28/2011 0:00,947.3788452,349.5063183,0.079660095,0.080072868
0,test,Eurasian_Natural_Resources_Corp_Plc,The_Royal_Bank_of_Scotland_Group_plc,2,1.5,0.5,6/29/2010 0:00,12/28/2010 0:00,12/28/2010 0:00,6/28/2011 0:00,-127.3449631,228.3192958,-0.098260161,-3.681975133
0,train,Eurasian_Natural_Resources_Corp_Plc,The_Royal_Bank_of_Scotland_Group_plc,2,1.5,1,1/1/2008 0:00,7/1/2008 0:00,7/1/2008 0:00,12/30/2008 0:00,1877.855835,3333.816517,-0.088108546,-11.06845427
0,test,Eurasian_Natural_Resources_Corp_Plc,The_Royal_Bank_of_Scotland_Group_plc,2,1.5,1,1/1/2008 0:00,7/1/2008 0:00,7/1/2008 0:00,12/30/2008 0:00,0,0,nan,nan
0,train,Eurasian_Natural_Resources_Corp_Plc,The_Royal_Bank_of_Scotland_Group_plc,2,1.5,1,7/1/2008 0:00,12/30/2008 0:00,12/30/2008 0:00,6/30/2009 0:00,6523.944336,4115.542658,-0.087710747,-67.81900062
0,test,Eurasian_Natural_Resources_Corp_Plc,The_Royal_Bank_of_Scotland_Group_plc,2,1.5,1,7/1/2008 0:00,12/30/2008 0:00,12/30/2008 0:00,6/30/2009 0:00,0,0,nan,nan
0,train,Eurasian_Natural_Resources_Corp_Plc,The_Royal_Bank_of_Scotland_Group_plc,2,1.5,1,12/30/2008 0:00,6/30/2009 0:00,6/30/2009 0:00,12/29/2009 0:00,3945.885742,1393.089966,0.087593753,0.087618384
0,test,Eurasian_Natural_Resources_Corp_Plc,The_Royal_Bank_of_Scotland_Group_plc,2,1.5,1,12/30/2008 0:00,6/30/2009 0:00,6/30/2009 0:00,12/29/2009 0:00,-15.77403069,412.8631577,0.086993772,0.087072196
0,train,Eurasian_Natural_Resources_Corp_Plc,The_Royal_Bank_of_Scotland_Group_plc,2,1.5,1,12/29/2009 0:00,6/29/2010 0:00,6/29/2010 0:00,12/28/2010 0:00,nan,nan,nan,nan
0,test,Eurasian_Natural_Resources_Corp_Plc,The_Royal_Bank_of_Scotland_Group_plc,2,1.5,1,12/29/2009 0:00,6/29/2010 0:00,6/29/2010 0:00,12/28/2010 0:00,nan,nan,nan,nan
0,train,Eurasian_Natural_Resources_Corp_Plc,The_Royal_Bank_of_Scotland_Group_plc,2,1.5,1,6/29/2010 0:00,12/28/2010 0:00,12/28/2010 0:00,6/28/2011 0:00,822.7938232,314.9394618,0.079627749,0.080041069
0,test,Eurasian_Natural_Resources_Corp_Plc,The_Royal_Bank_of_Scotland_Group_plc,2,1.5,1,6/29/2010 0:00,12/28/2010 0:00,12/28/2010 0:00,6/28/2011 0:00,-225.6735687,202.9932105,-0.092391417,-2.714834881
0,train,Eurasian_Natural_Resources_Corp_Plc,The_Royal_Bank_of_Scotland_Group_plc,2,1.5,1.5,1/1/2008 0:00,7/1/2008 0:00,7/1/2008 0:00,12/30/2008 0:00,5313.83252,4418.275517,-0.087086358,-14.02271795
0,test,Eurasian_Natural_Resources_Corp_Plc,The_Royal_Bank_of_Scotland_Group_plc,2,1.5,1.5,1/1/2008 0:00,7/1/2008 0:00,7/1/2008 0:00,12/30/2008 0:00,0,0,nan,nan
0,train,Eurasian_Natural_Resources_Corp_Plc,The_Royal_Bank_of_Scotland_Group_plc,2,1.5,1.5,7/1/2008 0:00,12/30/2008 0:00,12/30/2008 0:00,6/30/2009 0:00,7579.09375,4453.373766,-0.088402953,-79.03472203
0,test,Eurasian_Natural_Resources_Corp_Plc,The_Royal_Bank_of_Scotland_Group_plc,2,1.5,1.5,7/1/2008 0:00,12/30/2008 0:00,12/30/2008 0:00,6/30/2009 0:00,0,0,nan,nan
0,train,Eurasian_Natural_Resources_Corp_Plc,The_Royal_Bank_of_Scotland_Group_plc,2,1.5,1.5,12/30/2008 0:00,6/30/2009 0:00,6/30/2009 0:00,12/29/2009 0:00,2468.853027,864.259586,0.08759635,0.087621802
0,test,Eurasian_Natural_Resources_Corp_Plc,The_Royal_Bank_of_Scotland_Group_plc,2,1.5,1.5,12/30/2008 0:00,6/30/2009 0:00,6/30/2009 0:00,12/29/2009 0:00,494.8850098,456.708813,0.092048278,0.092019641
0,train,Eurasian_Natural_Resources_Corp_Plc,The_Royal_Bank_of_Scotland_Group_plc,2,1.5,1.5,12/29/2009 0:00,6/29/2010 0:00,6/29/2010 0:00,12/28/2010 0:00,nan,nan,nan,nan
0,test,Eurasian_Natural_Resources_Corp_Plc,The_Royal_Bank_of_Scotland_Group_plc,2,1.5,1.5,12/29/2009 0:00,6/29/2010 0:00,6/29/2010 0:00,12/28/2010 0:00,nan,nan,nan,nan
0,train,Eurasian_Natural_Resources_Corp_Plc,The_Royal_Bank_of_Scotland_Group_plc,2,1.5,1.5,6/29/2010 0:00,12/28/2010 0:00,12/28/2010 0:00,6/28/2011 0:00,855.1674194,324.2883986,0.095352502,0.095767561
0,test,Eurasian_Natural_Resources_Corp_Plc,The_Royal_Bank_of_Scotland_Group_plc,2,1.5,1.5,6/29/2010 0:00,12/28/2010 0:00,12/28/2010 0:00,6/28/2011 0:00,-306.9677734,178.2953112,-0.090755275,-4.910524802
0,train,Eurasian_Natural_Resources_Corp_Plc,The_Royal_Bank_of_Scotland_Group_plc,2,2,0,1/1/2008 0:00,7/1/2008 0:00,7/1/2008 0:00,12/30/2008 0:00,10101.08105,5839.703813,-0.087513913,-55.83302845
0,test,Eurasian_Natural_Resources_Corp_Plc,The_Royal_Bank_of_Scotland_Group_plc,2,2,0,1/1/2008 0:00,7/1/2008 0:00,7/1/2008 0:00,12/30/2008 0:00,0,0,nan,nan
0,train,Eurasian_Natural_Resources_Corp_Plc,The_Royal_Bank_of_Scotland_Group_plc,2,2,0,7/1/2008 0:00,12/30/2008 0:00,12/30/2008 0:00,6/30/2009 0:00,7515.395996,4172.849532,0.088260939,0.088264882
0,test,Eurasian_Natural_Resources_Corp_Plc,The_Royal_Bank_of_Scotland_Group_plc,2,2,0,7/1/2008 0:00,12/30/2008 0:00,12/30/2008 0:00,6/30/2009 0:00,0,0,nan,nan
0,train,Eurasian_Natural_Resources_Corp_Plc,The_Royal_Bank_of_Scotland_Group_plc,2,2,0,12/30/2008 0:00,6/30/2009 0:00,6/30/2009 0:00,12/29/2009 0:00,2671.232422,858.3742198,0.088493626,0.088487672
0,test,Eurasian_Natural_Resources_Corp_Plc,The_Royal_Bank_of_Scotland_Group_plc,2,2,0,12/30/2008 0:00,6/30/2009 0:00,6/30/2009 0:00,12/29/2009 0:00,704.5075073,602.607801,0.091596323,0.091569754
0,train,Eurasian_Natural_Resources_Corp_Plc,The_Royal_Bank_of_Scotland_Group_plc,2,2,0,12/29/2009 0:00,6/29/2010 0:00,6/29/2010 0:00,12/28/2010 0:00,nan,nan,nan,nan
0,test,Eurasian_Natural_Resources_Corp_Plc,The_Royal_Bank_of_Scotland_Group_plc,2,2,0,12/29/2009 0:00,6/29/2010 0:00,6/29/2010 0:00,12/28/2010 0:00,nan,nan,nan,nan
0,train,Eurasian_Natural_Resources_Corp_Plc,The_Royal_Bank_of_Scotland_Group_plc,2,2,0,6/29/2010 0:00,12/28/2010 0:00,12/28/2010 0:00,6/28/2011 0:00,1616.305542,589.8016171,0.041017859,0.054316523
0,test,Eurasian_Natural_Resources_Corp_Plc,The_Royal_Bank_of_Scotland_Group_plc,2,2,0,6/29/2010 0:00,12/28/2010 0:00,12/28/2010 0:00,6/28/2011 0:00,50.50107193,282.7303466,-0.091674948,-3.558194403
0,train,Eurasian_Natural_Resources_Corp_Plc,The_Royal_Bank_of_Scotland_Group_plc,2,2,0.5,1/1/2008 0:00,7/1/2008 0:00,7/1/2008 0:00,12/30/2008 0:00,9015.706055,5441.429136,-0.08751332,-54.92691574
0,test,Eurasian_Natural_Resources_Corp_Plc,The_Royal_Bank_of_Scotland_Group_plc,2,2,0.5,1/1/2008 0:00,7/1/2008 0:00,7/1/2008 0:00,12/30/2008 0:00,0,0,nan,nan
0,train,Eurasian_Natural_Resources_Corp_Plc,The_Royal_Bank_of_Scotland_Group_plc,2,2,0.5,7/1/2008 0:00,12/30/2008 0:00,12/30/2008 0:00,6/30/2009 0:00,8559.489258,4524.844508,0.088282344,0.088286116
0,test,Eurasian_Natural_Resources_Corp_Plc,The_Royal_Bank_of_Scotland_Group_plc,2,2,0.5,7/1/2008 0:00,12/30/2008 0:00,12/30/2008 0:00,6/30/2009 0:00,0,0,nan,nan
0,train,Eurasian_Natural_Resources_Corp_Plc,The_Royal_Bank_of_Scotland_Group_plc,2,2,0.5,12/30/2008 0:00,6/30/2009 0:00,6/30/2009 0:00,12/29/2009 0:00,2768.162598,991.5877198,0.088463105,0.088457318
0,test,Eurasian_Natural_Resources_Corp_Plc,The_Royal_Bank_of_Scotland_Group_plc,2,2,0.5,12/30/2008 0:00,6/30/2009 0:00,6/30/2009 0:00,12/29/2009 0:00,530.1469727,546.1002554,0.091566615,0.09154098
0,train,Eurasian_Natural_Resources_Corp_Plc,The_Royal_Bank_of_Scotland_Group_plc,2,2,0.5,12/29/2009 0:00,6/29/2010 0:00,6/29/2010 0:00,12/28/2010 0:00,nan,nan,nan,nan
0,test,Eurasian_Natural_Resources_Corp_Plc,The_Royal_Bank_of_Scotland_Group_plc,2,2,0.5,12/29/2009 0:00,6/29/2010 0:00,6/29/2010 0:00,12/28/2010 0:00,nan,nan,nan,nan
0,train,Eurasian_Natural_Resources_Corp_Plc,The_Royal_Bank_of_Scotland_Group_plc,2,2,0.5,6/29/2010 0:00,12/28/2010 0:00,12/28/2010 0:00,6/28/2011 0:00,1341.081543,480.0575485,0.039061054,0.051725161
0,test,Eurasian_Natural_Resources_Corp_Plc,The_Royal_Bank_of_Scotland_Group_plc,2,2,0.5,6/29/2010 0:00,12/28/2010 0:00,12/28/2010 0:00,6/28/2011 0:00,-58.61174393,242.0176048,-0.092579809,-3.566558667
0,train,Eurasian_Natural_Resources_Corp_Plc,The_Royal_Bank_of_Scotland_Group_plc,2,2,1,1/1/2008 0:00,7/1/2008 0:00,7/1/2008 0:00,12/30/2008 0:00,7851.51123,5004.858099,-0.087518772,-54.9246053
0,test,Eurasian_Natural_Resources_Corp_Plc,The_Royal_Bank_of_Scotland_Group_plc,2,2,1,1/1/2008 0:00,7/1/2008 0:00,7/1/2008 0:00,12/30/2008 0:00,0,0,nan,nan
0,train,Eurasian_Natural_Resources_Corp_Plc,The_Royal_Bank_of_Scotland_Group_plc,2,2,1,7/1/2008 0:00,12/30/2008 0:00,12/30/2008 0:00,6/30/2009 0:00,8320.28125,4522.311351,0.088274537,0.088278368
0,test,Eurasian_Natural_Resources_Corp_Plc,The_Royal_Bank_of_Scotland_Group_plc,2,2,1,7/1/2008 0:00,12/30/2008 0:00,12/30/2008 0:00,6/30/2009 0:00,0,0,nan,nan
0,train,Eurasian_Natural_Resources_Corp_Plc,The_Royal_Bank_of_Scotland_Group_plc,2,2,1,12/30/2008 0:00,6/30/2009 0:00,6/30/2009 0:00,12/29/2009 0:00,3062.491211,1118.50891,0.088473038,0.088467168
0,test,Eurasian_Natural_Resources_Corp_Plc,The_Royal_Bank_of_Scotland_Group_plc,2,2,1,12/30/2008 0:00,6/30/2009 0:00,6/30/2009 0:00,12/29/2009 0:00,231.2112122,467.1276642,0.091477112,0.091453951
0,train,Eurasian_Natural_Resources_Corp_Plc,The_Royal_Bank_of_Scotland_Group_plc,2,2,1,12/29/2009 0:00,6/29/2010 0:00,6/29/2010 0:00,12/28/2010 0:00,nan,nan,nan,nan
0,test,Eurasian_Natural_Resources_Corp_Plc,The_Royal_Bank_of_Scotland_Group_plc,2,2,1,12/29/2009 0:00,6/29/2010 0:00,6/29/2010 0:00,12/28/2010 0:00,nan,nan,nan,nan
0,train,Eurasian_Natural_Resources_Corp_Plc,The_Royal_Bank_of_Scotland_Group_plc,2,2,1,6/29/2010 0:00,12/28/2010 0:00,12/28/2010 0:00,6/28/2011 0:00,1247.204956,459.7742442,0.038307682,0.050727564
0,test,Eurasian_Natural_Resources_Corp_Plc,The_Royal_Bank_of_Scotland_Group_plc,2,2,1,6/29/2010 0:00,12/28/2010 0:00,12/28/2010 0:00,6/28/2011 0:00,-156.9403534,210.480462,-0.077498404,-0.562161572
0,train,Eurasian_Natural_Resources_Corp_Plc,The_Royal_Bank_of_Scotland_Group_plc,2,2,1.5,1/1/2008 0:00,7/1/2008 0:00,7/1/2008 0:00,12/30/2008 0:00,6840.696289,4355.766399,-0.087483244,-45.32757486
0,test,Eurasian_Natural_Resources_Corp_Plc,The_Royal_Bank_of_Scotland_Group_plc,2,2,1.5,1/1/2008 0:00,7/1/2008 0:00,7/1/2008 0:00,12/30/2008 0:00,0,0,nan,nan
0,train,Eurasian_Natural_Resources_Corp_Plc,The_Royal_Bank_of_Scotland_Group_plc,2,2,1.5,7/1/2008 0:00,12/30/2008 0:00,12/30/2008 0:00,6/30/2009 0:00,9375.430664,4921.043935,0.089141442,0.089140409
0,test,Eurasian_Natural_Resources_Corp_Plc,The_Royal_Bank_of_Scotland_Group_plc,2,2,1.5,7/1/2008 0:00,12/30/2008 0:00,12/30/2008 0:00,6/30/2009 0:00,0,0,nan,nan
0,train,Eurasian_Natural_Resources_Corp_Plc,The_Royal_Bank_of_Scotland_Group_plc,2,2,1.5,12/30/2008 0:00,6/30/2009 0:00,6/30/2009 0:00,12/29/2009 0:00,1905.639404,678.4308615,0.088362582,0.088357635
0,test,Eurasian_Natural_Resources_Corp_Plc,The_Royal_Bank_of_Scotland_Group_plc,2,2,1.5,12/30/2008 0:00,6/30/2009 0:00,6/30/2009 0:00,12/29/2009 0:00,741.8702393,530.0978328,0.091700924,0.09167364
0,train,Eurasian_Natural_Resources_Corp_Plc,The_Royal_Bank_of_Scotland_Group_plc,2,2,1.5,12/29/2009 0:00,6/29/2010 0:00,6/29/2010 0:00,12/28/2010 0:00,nan,nan,nan,nan
0,test,Eurasian_Natural_Resources_Corp_Plc,The_Royal_Bank_of_Scotland_Group_plc,2,2,1.5,12/29/2009 0:00,6/29/2010 0:00,6/29/2010 0:00,12/28/2010 0:00,nan,nan,nan,nan
0,train,Eurasian_Natural_Resources_Corp_Plc,The_Royal_Bank_of_Scotland_Group_plc,2,2,1.5,6/29/2010 0:00,12/28/2010 0:00,12/28/2010 0:00,6/28/2011 0:00,1200.549683,431.5536438,0.036464906,0.048395734
0,test,Eurasian_Natural_Resources_Corp_Plc,The_Royal_Bank_of_Scotland_Group_plc,2,2,1.5,6/29/2010 0:00,12/28/2010 0:00,12/28/2010 0:00,6/28/2011 0:00,-308.2937317,166.2159309,-0.090069046,-3.132673372
0,train,Eurasian_Natural_Resources_Corp_Plc,The_Royal_Bank_of_Scotland_Group_plc,2,2,2,1/1/2008 0:00,7/1/2008 0:00,7/1/2008 0:00,12/30/2008 0:00,8575.405273,5408.31902,-0.087688104,-78.88131759
0,test,Eurasian_Natural_Resources_Corp_Plc,The_Royal_Bank_of_Scotland_Group_plc,2,2,2,1/1/2008 0:00,7/1/2008 0:00,7/1/2008 0:00,12/30/2008 0:00,0,0,nan,nan
0,train,Eurasian_Natural_Resources_Corp_Plc,The_Royal_Bank_of_Scotland_Group_plc,2,2,2,7/1/2008 0:00,12/30/2008 0:00,12/30/2008 0:00,6/30/2009 0:00,7937.37207,4274.76187,0.087378033,0.087391713
0,test,Eurasian_Natural_Resources_Corp_Plc,The_Royal_Bank_of_Scotland_Group_plc,2,2,2,7/1/2008 0:00,12/30/2008 0:00,12/30/2008 0:00,6/30/2009 0:00,0,0,nan,nan
0,train,Eurasian_Natural_Resources_Corp_Plc,The_Royal_Bank_of_Scotland_Group_plc,2,2,2,12/30/2008 0:00,6/30/2009 0:00,6/30/2009 0:00,12/29/2009 0:00,1622.752319,639.6183074,0.08820099,0.088197205
0,test,Eurasian_Natural_Resources_Corp_Plc,The_Royal_Bank_of_Scotland_Group_plc,2,2,2,12/30/2008 0:00,6/30/2009 0:00,6/30/2009 0:00,12/29/2009 0:00,745.62323,537.6652053,0.09042045,0.090402626
0,train,Eurasian_Natural_Resources_Corp_Plc,The_Royal_Bank_of_Scotland_Group_plc,2,2,2,12/29/2009 0:00,6/29/2010 0:00,6/29/2010 0:00,12/28/2010 0:00,nan,nan,nan,nan
0,test,Eurasian_Natural_Resources_Corp_Plc,The_Royal_Bank_of_Scotland_Group_plc,2,2,2,12/29/2009 0:00,6/29/2010 0:00,6/29/2010 0:00,12/28/2010 0:00,nan,nan,nan,nan
0,train,Eurasian_Natural_Resources_Corp_Plc,The_Royal_Bank_of_Scotland_Group_plc,2,2,2,6/29/2010 0:00,12/28/2010 0:00,12/28/2010 0:00,6/28/2011 0:00,1133.256714,393.5228827,0.054309553,0.069184072
0,test,Eurasian_Natural_Resources_Corp_Plc,The_Royal_Bank_of_Scotland_Group_plc,2,2,2,6/29/2010 0:00,12/28/2010 0:00,12/28/2010 0:00,6/28/2011 0:00,-334.9588928,161.1525735,-0.095849837,-3.315497866
0,train,Eurasian_Natural_Resources_Corp_Plc,The_Royal_Bank_of_Scotland_Group_plc,2,2.5,0,1/1/2008 0:00,7/1/2008 0:00,7/1/2008 0:00,12/30/2008 0:00,7141.049805,4619.618034,-0.087523852,-54.93126334
0,test,Eurasian_Natural_Resources_Corp_Plc,The_Royal_Bank_of_Scotland_Group_plc,2,2.5,0,1/1/2008 0:00,7/1/2008 0:00,7/1/2008 0:00,12/30/2008 0:00,0,0,nan,nan
0,train,Eurasian_Natural_Resources_Corp_Plc,The_Royal_Bank_of_Scotland_Group_plc,2,2.5,0,7/1/2008 0:00,12/30/2008 0:00,12/30/2008 0:00,6/30/2009 0:00,7007.643066,3799.20049,0.088241485,0.088245591
0,test,Eurasian_Natural_Resources_Corp_Plc,The_Royal_Bank_of_Scotland_Group_plc,2,2.5,0,7/1/2008 0:00,12/30/2008 0:00,12/30/2008 0:00,6/30/2009 0:00,0,0,nan,nan
0,train,Eurasian_Natural_Resources_Corp_Plc,The_Royal_Bank_of_Scotland_Group_plc,2,2.5,0,12/30/2008 0:00,6/30/2009 0:00,6/30/2009 0:00,12/29/2009 0:00,2293.473633,805.0648931,0.088398926,0.088393656
0,test,Eurasian_Natural_Resources_Corp_Plc,The_Royal_Bank_of_Scotland_Group_plc,2,2.5,0,12/30/2008 0:00,6/30/2009 0:00,6/30/2009 0:00,12/29/2009 0:00,1139.739746,727.1029313,0.096630453,0.096555819
0,train,Eurasian_Natural_Resources_Corp_Plc,The_Royal_Bank_of_Scotland_Group_plc,2,2.5,0,12/29/2009 0:00,6/29/2010 0:00,6/29/2010 0:00,12/28/2010 0:00,nan,nan,nan,nan
0,test,Eurasian_Natural_Resources_Corp_Plc,The_Royal_Bank_of_Scotland_Group_plc,2,2.5,0,12/29/2009 0:00,6/29/2010 0:00,6/29/2010 0:00,12/28/2010 0:00,nan,nan,nan,nan
0,train,Eurasian_Natural_Resources_Corp_Plc,The_Royal_Bank_of_Scotland_Group_plc,2,2.5,0,6/29/2010 0:00,12/28/2010 0:00,12/28/2010 0:00,6/28/2011 0:00,638.7573242,240.6670098,-0.08770323,-2.106221104
0,test,Eurasian_Natural_Resources_Corp_Plc,The_Royal_Bank_of_Scotland_Group_plc,2,2.5,0,6/29/2010 0:00,12/28/2010 0:00,12/28/2010 0:00,6/28/2011 0:00,84.83521271,296.1335786,-0.091469906,-3.442474312
0,train,Eurasian_Natural_Resources_Corp_Plc,The_Royal_Bank_of_Scotland_Group_plc,2,2.5,0.5,1/1/2008 0:00,7/1/2008 0:00,7/1/2008 0:00,12/30/2008 0:00,6055.674805,4219.478744,-0.087521029,-53.12440609
0,test,Eurasian_Natural_Resources_Corp_Plc,The_Royal_Bank_of_Scotland_Group_plc,2,2.5,0.5,1/1/2008 0:00,7/1/2008 0:00,7/1/2008 0:00,12/30/2008 0:00,0,0,nan,nan
0,train,Eurasian_Natural_Resources_Corp_Plc,The_Royal_Bank_of_Scotland_Group_plc,2,2.5,0.5,7/1/2008 0:00,12/30/2008 0:00,12/30/2008 0:00,6/30/2009 0:00,7007.643066,3799.20049,0.088241485,0.088245591
0,test,Eurasian_Natural_Resources_Corp_Plc,The_Royal_Bank_of_Scotland_Group_plc,2,2.5,0.5,7/1/2008 0:00,12/30/2008 0:00,12/30/2008 0:00,6/30/2009 0:00,0,0,nan,nan
0,train,Eurasian_Natural_Resources_Corp_Plc,The_Royal_Bank_of_Scotland_Group_plc,2,2.5,0.5,12/30/2008 0:00,6/30/2009 0:00,6/30/2009 0:00,12/29/2009 0:00,2594.975342,949.9746421,0.088422017,0.088416544
0,test,Eurasian_Natural_Resources_Corp_Plc,The_Royal_Bank_of_Scotland_Group_plc,2,2.5,0.5,12/30/2008 0:00,6/30/2009 0:00,6/30/2009 0:00,12/29/2009 0:00,965.3792114,665.8012636,0.096472883,0.096400416
0,train,Eurasian_Natural_Resources_Corp_Plc,The_Royal_Bank_of_Scotland_Group_plc,2,2.5,0.5,12/29/2009 0:00,6/29/2010 0:00,6/29/2010 0:00,12/28/2010 0:00,nan,nan,nan,nan
0,test,Eurasian_Natural_Resources_Corp_Plc,The_Royal_Bank_of_Scotland_Group_plc,2,2.5,0.5,12/29/2009 0:00,6/29/2010 0:00,6/29/2010 0:00,12/28/2010 0:00,nan,nan,nan,nan
0,train,Eurasian_Natural_Resources_Corp_Plc,The_Royal_Bank_of_Scotland_Group_plc,2,2.5,0.5,6/29/2010 0:00,12/28/2010 0:00,12/28/2010 0:00,6/28/2011 0:00,638.7573242,240.6670098,-0.08770323,-2.106221104
0,test,Eurasian_Natural_Resources_Corp_Plc,The_Royal_Bank_of_Scotland_Group_plc,2,2.5,0.5,6/29/2010 0:00,12/28/2010 0:00,12/28/2010 0:00,6/28/2011 0:00,-24.27761078,255.1095592,-0.092147858,-3.584634794
0,train,Eurasian_Natural_Resources_Corp_Plc,The_Royal_Bank_of_Scotland_Group_plc,2,2.5,1,1/1/2008 0:00,7/1/2008 0:00,7/1/2008 0:00,12/30/2008 0:00,4891.47998,3779.936657,-0.08752859,-53.10742138
0,test,Eurasian_Natural_Resources_Corp_Plc,The_Royal_Bank_of_Scotland_Group_plc,2,2.5,1,1/1/2008 0:00,7/1/2008 0:00,7/1/2008 0:00,12/30/2008 0:00,0,0,nan,nan
0,train,Eurasian_Natural_Resources_Corp_Plc,The_Royal_Bank_of_Scotland_Group_plc,2,2.5,1,7/1/2008 0:00,12/30/2008 0:00,12/30/2008 0:00,6/30/2009 0:00,5964.990234,3625.87617,0.088206099,0.088210459
0,test,Eurasian_Natural_Resources_Corp_Plc,The_Royal_Bank_of_Scotland_Group_plc,2,2.5,1,7/1/2008 0:00,12/30/2008 0:00,12/30/2008 0:00,6/30/2009 0:00,0,0,nan,nan
0,train,Eurasian_Natural_Resources_Corp_Plc,The_Royal_Bank_of_Scotland_Group_plc,2,2.5,1,12/30/2008 0:00,6/30/2009 0:00,6/30/2009 0:00,12/29/2009 0:00,2889.303955,1075.74151,0.0884393,0.088433677
0,test,Eurasian_Natural_Resources_Corp_Plc,The_Royal_Bank_of_Scotland_Group_plc,2,2.5,1,12/30/2008 0:00,6/30/2009 0:00,6/30/2009 0:00,12/29/2009 0:00,666.4434814,569.5201109,0.096047903,0.095980789
0,train,Eurasian_Natural_Resources_Corp_Plc,The_Royal_Bank_of_Scotland_Group_plc,2,2.5,1,12/29/2009 0:00,6/29/2010 0:00,6/29/2010 0:00,12/28/2010 0:00,nan,nan,nan,nan
0,test,Eurasian_Natural_Resources_Corp_Plc,The_Royal_Bank_of_Scotland_Group_plc,2,2.5,1,12/29/2009 0:00,6/29/2010 0:00,6/29/2010 0:00,12/28/2010 0:00,nan,nan,nan,nan
0,train,Eurasian_Natural_Resources_Corp_Plc,The_Royal_Bank_of_Scotland_Group_plc,2,2.5,1,6/29/2010 0:00,12/28/2010 0:00,12/28/2010 0:00,6/28/2011 0:00,557.9365234,208.675343,-0.086643579,-1.589586783
0,test,Eurasian_Natural_Resources_Corp_Plc,The_Royal_Bank_of_Scotland_Group_plc,2,2.5,1,6/29/2010 0:00,12/28/2010 0:00,12/28/2010 0:00,6/28/2011 0:00,-122.6062088,222.0677129,-0.096959762,-3.675539037
0,train,Eurasian_Natural_Resources_Corp_Plc,The_Royal_Bank_of_Scotland_Group_plc,2,2.5,1.5,1/1/2008 0:00,7/1/2008 0:00,7/1/2008 0:00,12/30/2008 0:00,3880.665527,3171.795962,-0.087402177,-31.482518
0,test,Eurasian_Natural_Resources_Corp_Plc,The_Royal_Bank_of_Scotland_Group_plc,2,2.5,1.5,1/1/2008 0:00,7/1/2008 0:00,7/1/2008 0:00,12/30/2008 0:00,0,0,nan,nan
0,train,Eurasian_Natural_Resources_Corp_Plc,The_Royal_Bank_of_Scotland_Group_plc,2,2.5,1.5,7/1/2008 0:00,12/30/2008 0:00,12/30/2008 0:00,6/30/2009 0:00,8070.565918,4420.657029,0.034084121,0.038831945
0,test,Eurasian_Natural_Resources_Corp_Plc,The_Royal_Bank_of_Scotland_Group_plc,2,2.5,1.5,7/1/2008 0:00,12/30/2008 0:00,12/30/2008 0:00,6/30/2009 0:00,0,0,nan,nan
0,train,Eurasian_Natural_Resources_Corp_Plc,The_Royal_Bank_of_Scotland_Group_plc,2,2.5,1.5,12/30/2008 0:00,6/30/2009 0:00,6/30/2009 0:00,12/29/2009 0:00,2142.452393,778.7993933,0.088337825,0.088333013
0,test,Eurasian_Natural_Resources_Corp_Plc,The_Royal_Bank_of_Scotland_Group_plc,2,2.5,1.5,12/30/2008 0:00,6/30/2009 0:00,6/30/2009 0:00,12/29/2009 0:00,666.4434814,569.5201109,0.096047903,0.095980789
0,train,Eurasian_Natural_Resources_Corp_Plc,The_Royal_Bank_of_Scotland_Group_plc,2,2.5,1.5,12/29/2009 0:00,6/29/2010 0:00,6/29/2010 0:00,12/28/2010 0:00,nan,nan,nan,nan
0,test,Eurasian_Natural_Resources_Corp_Plc,The_Royal_Bank_of_Scotland_Group_plc,2,2.5,1.5,12/29/2009 0:00,6/29/2010 0:00,6/29/2010 0:00,12/28/2010 0:00,nan,nan,nan,nan
0,train,Eurasian_Natural_Resources_Corp_Plc,The_Royal_Bank_of_Scotland_Group_plc,2,2.5,1.5,6/29/2010 0:00,12/28/2010 0:00,12/28/2010 0:00,6/28/2011 0:00,557.9365234,208.675343,-0.086643579,-1.589586783
0,test,Eurasian_Natural_Resources_Corp_Plc,The_Royal_Bank_of_Scotland_Group_plc,2,2.5,1.5,6/29/2010 0:00,12/28/2010 0:00,12/28/2010 0:00,6/28/2011 0:00,-273.9595947,176.0558987,-0.089430048,-4.198459956
0,train,Eurasian_Natural_Resources_Corp_Plc,The_Royal_Bank_of_Scotland_Group_plc,2,2.5,2,1/1/2008 0:00,7/1/2008 0:00,7/1/2008 0:00,12/30/2008 0:00,4185.866211,3613.753296,-0.087376982,-25.60192981
0,test,Eurasian_Natural_Resources_Corp_Plc,The_Royal_Bank_of_Scotland_Group_plc,2,2.5,2,1/1/2008 0:00,7/1/2008 0:00,7/1/2008 0:00,12/30/2008 0:00,0,0,nan,nan
0,train,Eurasian_Natural_Resources_Corp_Plc,The_Royal_Bank_of_Scotland_Group_plc,2,2.5,2,7/1/2008 0:00,12/30/2008 0:00,12/30/2008 0:00,6/30/2009 0:00,6632.507813,3771.562508,0.087130886,0.087149431
0,test,Eurasian_Natural_Resources_Corp_Plc,The_Royal_Bank_of_Scotland_Group_plc,2,2.5,2,7/1/2008 0:00,12/30/2008 0:00,12/30/2008 0:00,6/30/2009 0:00,0,0,nan,nan
0,train,Eurasian_Natural_Resources_Corp_Plc,The_Royal_Bank_of_Scotland_Group_plc,2,2.5,2,12/30/2008 0:00,6/30/2009 0:00,6/30/2009 0:00,12/29/2009 0:00,1962.102417,772.5135108,0.08821976,0.088215793
0,test,Eurasian_Natural_Resources_Corp_Plc,The_Royal_Bank_of_Scotland_Group_plc,2,2.5,2,12/30/2008 0:00,6/30/2009 0:00,6/30/2009 0:00,12/29/2009 0:00,666.4434814,569.5201109,0.096047903,0.095980789
0,train,Eurasian_Natural_Resources_Corp_Plc,The_Royal_Bank_of_Scotland_Group_plc,2,2.5,2,12/29/2009 0:00,6/29/2010 0:00,6/29/2010 0:00,12/28/2010 0:00,nan,nan,nan,nan
0,test,Eurasian_Natural_Resources_Corp_Plc,The_Royal_Bank_of_Scotland_Group_plc,2,2.5,2,12/29/2009 0:00,6/29/2010 0:00,6/29/2010 0:00,12/28/2010 0:00,nan,nan,nan,nan
0,train,Eurasian_Natural_Resources_Corp_Plc,The_Royal_Bank_of_Scotland_Group_plc,2,2.5,2,6/29/2010 0:00,12/28/2010 0:00,12/28/2010 0:00,6/28/2011 0:00,837.472229,259.8396199,-0.088724106,-2.660940266
0,test,Eurasian_Natural_Resources_Corp_Plc,The_Royal_Bank_of_Scotland_Group_plc,2,2.5,2,6/29/2010 0:00,12/28/2010 0:00,12/28/2010 0:00,6/28/2011 0:00,-282.7933655,175.2314575,-0.089801187,-4.349083531
0,train,Eurasian_Natural_Resources_Corp_Plc,The_Royal_Bank_of_Scotland_Group_plc,2,2.5,2.5,1/1/2008 0:00,7/1/2008 0:00,7/1/2008 0:00,12/30/2008 0:00,5029.489258,3710.661645,-0.087132858,-14.08953423
0,test,Eurasian_Natural_Resources_Corp_Plc,The_Royal_Bank_of_Scotland_Group_plc,2,2.5,2.5,1/1/2008 0:00,7/1/2008 0:00,7/1/2008 0:00,12/30/2008 0:00,0,0,nan,nan
0,train,Eurasian_Natural_Resources_Corp_Plc,The_Royal_Bank_of_Scotland_Group_plc,2,2.5,2.5,7/1/2008 0:00,12/30/2008 0:00,12/30/2008 0:00,6/30/2009 0:00,6482.603027,3706.68562,0.091270367,0.091245346
0,test,Eurasian_Natural_Resources_Corp_Plc,The_Royal_Bank_of_Scotland_Group_plc,2,2.5,2.5,7/1/2008 0:00,12/30/2008 0:00,12/30/2008 0:00,6/30/2009 0:00,0,0,nan,nan
0,train,Eurasian_Natural_Resources_Corp_Plc,The_Royal_Bank_of_Scotland_Group_plc,2,2.5,2.5,12/30/2008 0:00,6/30/2009 0:00,6/30/2009 0:00,12/29/2009 0:00,1687.417114,662.8867655,0.088172522,0.088168925
0,test,Eurasian_Natural_Resources_Corp_Plc,The_Royal_Bank_of_Scotland_Group_plc,2,2.5,2.5,12/30/2008 0:00,6/30/2009 0:00,6/30/2009 0:00,12/29/2009 0:00,400.343689,495.6680108,0.098930875,0.098836238
0,train,Eurasian_Natural_Resources_Corp_Plc,The_Royal_Bank_of_Scotland_Group_plc,2,2.5,2.5,12/29/2009 0:00,6/29/2010 0:00,6/29/2010 0:00,12/28/2010 0:00,nan,nan,nan,nan
0,test,Eurasian_Natural_Resources_Corp_Plc,The_Royal_Bank_of_Scotland_Group_plc,2,2.5,2.5,12/29/2009 0:00,6/29/2010 0:00,6/29/2010 0:00,12/28/2010 0:00,nan,nan,nan,nan
0,train,Eurasian_Natural_Resources_Corp_Plc,The_Royal_Bank_of_Scotland_Group_plc,2,2.5,2.5,6/29/2010 0:00,12/28/2010 0:00,12/28/2010 0:00,6/28/2011 0:00,804.757019,248.530776,-0.088671889,-2.583716664
0,test,Eurasian_Natural_Resources_Corp_Plc,The_Royal_Bank_of_Scotland_Group_plc,2,2.5,2.5,6/29/2010 0:00,12/28/2010 0:00,12/28/2010 0:00,6/28/2011 0:00,-483.7356567,151.5116383,-0.085970092,-0.548653795
0,train,Eurasian_Natural_Resources_Corp_Plc,The_Royal_Bank_of_Scotland_Group_plc,2,3,0,1/1/2008 0:00,7/1/2008 0:00,7/1/2008 0:00,12/30/2008 0:00,2532.630371,3163.650972,0.089291761,0.089279669
0,test,Eurasian_Natural_Resources_Corp_Plc,The_Royal_Bank_of_Scotland_Group_plc,2,3,0,1/1/2008 0:00,7/1/2008 0:00,7/1/2008 0:00,12/30/2008 0:00,0,0,nan,nan
0,train,Eurasian_Natural_Resources_Corp_Plc,The_Royal_Bank_of_Scotland_Group_plc,2,3,0,7/1/2008 0:00,12/30/2008 0:00,12/30/2008 0:00,6/30/2009 0:00,9559.5,4645.794324,-0.084331356,-1.738126803
0,test,Eurasian_Natural_Resources_Corp_Plc,The_Royal_Bank_of_Scotland_Group_plc,2,3,0,7/1/2008 0:00,12/30/2008 0:00,12/30/2008 0:00,6/30/2009 0:00,0,0,nan,nan
0,train,Eurasian_Natural_Resources_Corp_Plc,The_Royal_Bank_of_Scotland_Group_plc,2,3,0,12/30/2008 0:00,6/30/2009 0:00,6/30/2009 0:00,12/29/2009 0:00,791.0600586,350.036019,-0.112678751,-1.534105412
0,test,Eurasian_Natural_Resources_Corp_Plc,The_Royal_Bank_of_Scotland_Group_plc,2,3,0,12/30/2008 0:00,6/30/2009 0:00,6/30/2009 0:00,12/29/2009 0:00,103.9047394,425.5828438,-0.036333656,-0.054760416
0,train,Eurasian_Natural_Resources_Corp_Plc,The_Royal_Bank_of_Scotland_Group_plc,2,3,0,12/29/2009 0:00,6/29/2010 0:00,6/29/2010 0:00,12/28/2010 0:00,nan,nan,nan,nan
0,test,Eurasian_Natural_Resources_Corp_Plc,The_Royal_Bank_of_Scotland_Group_plc,2,3,0,12/29/2009 0:00,6/29/2010 0:00,6/29/2010 0:00,12/28/2010 0:00,nan,nan,nan,nan
0,train,Eurasian_Natural_Resources_Corp_Plc,The_Royal_Bank_of_Scotland_Group_plc,2,3,0,6/29/2010 0:00,12/28/2010 0:00,12/28/2010 0:00,6/28/2011 0:00,762.9376831,228.4492187,-0.089084333,-2.859141235
0,test,Eurasian_Natural_Resources_Corp_Plc,The_Royal_Bank_of_Scotland_Group_plc,2,3,0,6/29/2010 0:00,12/28/2010 0:00,12/28/2010 0:00,6/28/2011 0:00,-591.0719604,138.3602939,-0.083785088,-0.75687575
0,train,Eurasian_Natural_Resources_Corp_Plc,The_Royal_Bank_of_Scotland_Group_plc,2,3,0.5,1/1/2008 0:00,7/1/2008 0:00,7/1/2008 0:00,12/30/2008 0:00,2532.630371,3163.650972,0.089291761,0.089279669
0,test,Eurasian_Natural_Resources_Corp_Plc,The_Royal_Bank_of_Scotland_Group_plc,2,3,0.5,1/1/2008 0:00,7/1/2008 0:00,7/1/2008 0:00,12/30/2008 0:00,0,0,nan,nan
0,train,Eurasian_Natural_Resources_Corp_Plc,The_Royal_Bank_of_Scotland_Group_plc,2,3,0.5,7/1/2008 0:00,12/30/2008 0:00,12/30/2008 0:00,6/30/2009 0:00,9559.5,4645.794324,-0.084331356,-1.738126803
0,test,Eurasian_Natural_Resources_Corp_Plc,The_Royal_Bank_of_Scotland_Group_plc,2,3,0.5,7/1/2008 0:00,12/30/2008 0:00,12/30/2008 0:00,6/30/2009 0:00,0,0,nan,nan
0,train,Eurasian_Natural_Resources_Corp_Plc,The_Royal_Bank_of_Scotland_Group_plc,2,3,0.5,12/30/2008 0:00,6/30/2009 0:00,6/30/2009 0:00,12/29/2009 0:00,718.6384888,328.6173129,-0.113518256,-1.574593953
0,test,Eurasian_Natural_Resources_Corp_Plc,The_Royal_Bank_of_Scotland_Group_plc,2,3,0.5,12/30/2008 0:00,6/30/2009 0:00,6/30/2009 0:00,12/29/2009 0:00,103.9047394,425.5828438,-0.036333656,-0.054760416
0,train,Eurasian_Natural_Resources_Corp_Plc,The_Royal_Bank_of_Scotland_Group_plc,2,3,0.5,12/29/2009 0:00,6/29/2010 0:00,6/29/2010 0:00,12/28/2010 0:00,nan,nan,nan,nan
0,test,Eurasian_Natural_Resources_Corp_Plc,The_Royal_Bank_of_Scotland_Group_plc,2,3,0.5,12/29/2009 0:00,6/29/2010 0:00,6/29/2010 0:00,12/28/2010 0:00,nan,nan,nan,nan
0,train,Eurasian_Natural_Resources_Corp_Plc,The_Royal_Bank_of_Scotland_Group_plc,2,3,0.5,6/29/2010 0:00,12/28/2010 0:00,12/28/2010 0:00,6/28/2011 0:00,762.9376831,228.4492187,-0.089084333,-2.859141235
0,test,Eurasian_Natural_Resources_Corp_Plc,The_Royal_Bank_of_Scotland_Group_plc,2,3,0.5,6/29/2010 0:00,12/28/2010 0:00,12/28/2010 0:00,6/28/2011 0:00,-591.0719604,138.3602939,-0.083785088,-0.75687575
0,train,Eurasian_Natural_Resources_Corp_Plc,The_Royal_Bank_of_Scotland_Group_plc,2,3,1,1/1/2008 0:00,7/1/2008 0:00,7/1/2008 0:00,12/30/2008 0:00,1368.435547,2691.785771,0.089268671,0.089256766
0,test,Eurasian_Natural_Resources_Corp_Plc,The_Royal_Bank_of_Scotland_Group_plc,2,3,1,1/1/2008 0:00,7/1/2008 0:00,7/1/2008 0:00,12/30/2008 0:00,0,0,nan,nan
0,train,Eurasian_Natural_Resources_Corp_Plc,The_Royal_Bank_of_Scotland_Group_plc,2,3,1,7/1/2008 0:00,12/30/2008 0:00,12/30/2008 0:00,6/30/2009 0:00,9559.5,4645.794324,-0.084331356,-1.738126803
0,test,Eurasian_Natural_Resources_Corp_Plc,The_Royal_Bank_of_Scotland_Group_plc,2,3,1,7/1/2008 0:00,12/30/2008 0:00,12/30/2008 0:00,6/30/2009 0:00,0,0,nan,nan
0,train,Eurasian_Natural_Resources_Corp_Plc,The_Royal_Bank_of_Scotland_Group_plc,2,3,1,12/30/2008 0:00,6/30/2009 0:00,6/30/2009 0:00,12/29/2009 0:00,1105.85022,507.2323858,-0.115192127,-1.889263962
0,test,Eurasian_Natural_Resources_Corp_Plc,The_Royal_Bank_of_Scotland_Group_plc,2,3,1,12/30/2008 0:00,6/30/2009 0:00,6/30/2009 0:00,12/29/2009 0:00,-195.0310211,332.8268827,-0.135387525,-0.314645831
0,train,Eurasian_Natural_Resources_Corp_Plc,The_Royal_Bank_of_Scotland_Group_plc,2,3,1,12/29/2009 0:00,6/29/2010 0:00,6/29/2010 0:00,12/28/2010 0:00,nan,nan,nan,nan
0,test,Eurasian_Natural_Resources_Corp_Plc,The_Royal_Bank_of_Scotland_Group_plc,2,3,1,12/29/2009 0:00,6/29/2010 0:00,6/29/2010 0:00,12/28/2010 0:00,nan,nan,nan,nan
0,train,Eurasian_Natural_Resources_Corp_Plc,The_Royal_Bank_of_Scotland_Group_plc,2,3,1,6/29/2010 0:00,12/28/2010 0:00,12/28/2010 0:00,6/28/2011 0:00,682.1169434,196.6924891,-0.089564722,-2.973737492
0,test,Eurasian_Natural_Resources_Corp_Plc,The_Royal_Bank_of_Scotland_Group_plc,2,3,1,6/29/2010 0:00,12/28/2010 0:00,12/28/2010 0:00,6/28/2011 0:00,-591.0719604,138.3602939,-0.083785088,-0.75687575
0,train,Eurasian_Natural_Resources_Corp_Plc,The_Royal_Bank_of_Scotland_Group_plc,2,3,1.5,1/1/2008 0:00,7/1/2008 0:00,7/1/2008 0:00,12/30/2008 0:00,4264.469727,3103.735303,0.089318263,0.089305936
0,test,Eurasian_Natural_Resources_Corp_Plc,The_Royal_Bank_of_Scotland_Group_plc,2,3,1.5,1/1/2008 0:00,7/1/2008 0:00,7/1/2008 0:00,12/30/2008 0:00,0,0,nan,nan
0,train,Eurasian_Natural_Resources_Corp_Plc,The_Royal_Bank_of_Scotland_Group_plc,2,3,1.5,7/1/2008 0:00,12/30/2008 0:00,12/30/2008 0:00,6/30/2009 0:00,11773.62598,5628.317921,-0.082752038,-1.717414139
0,test,Eurasian_Natural_Resources_Corp_Plc,The_Royal_Bank_of_Scotland_Group_plc,2,3,1.5,7/1/2008 0:00,12/30/2008 0:00,12/30/2008 0:00,6/30/2009 0:00,0,0,nan,nan
0,train,Eurasian_Natural_Resources_Corp_Plc,The_Royal_Bank_of_Scotland_Group_plc,2,3,1.5,12/30/2008 0:00,6/30/2009 0:00,6/30/2009 0:00,12/29/2009 0:00,1105.85022,507.2323858,-0.115192127,-1.889263962
0,test,Eurasian_Natural_Resources_Corp_Plc,The_Royal_Bank_of_Scotland_Group_plc,2,3,1.5,12/30/2008 0:00,6/30/2009 0:00,6/30/2009 0:00,12/29/2009 0:00,-195.0310211,332.8268827,-0.135387525,-0.314645831
0,train,Eurasian_Natural_Resources_Corp_Plc,The_Royal_Bank_of_Scotland_Group_plc,2,3,1.5,12/29/2009 0:00,6/29/2010 0:00,6/29/2010 0:00,12/28/2010 0:00,nan,nan,nan,nan
0,test,Eurasian_Natural_Resources_Corp_Plc,The_Royal_Bank_of_Scotland_Group_plc,2,3,1.5,12/29/2009 0:00,6/29/2010 0:00,6/29/2010 0:00,12/28/2010 0:00,nan,nan,nan,nan
0,train,Eurasian_Natural_Resources_Corp_Plc,The_Royal_Bank_of_Scotland_Group_plc,2,3,1.5,6/29/2010 0:00,12/28/2010 0:00,12/28/2010 0:00,6/28/2011 0:00,682.1169434,196.6924891,-0.089564722,-2.973737492
0,test,Eurasian_Natural_Resources_Corp_Plc,The_Royal_Bank_of_Scotland_Group_plc,2,3,1.5,6/29/2010 0:00,12/28/2010 0:00,12/28/2010 0:00,6/28/2011 0:00,-591.0719604,138.3602939,-0.083785088,-0.75687575
0,train,Eurasian_Natural_Resources_Corp_Plc,The_Royal_Bank_of_Scotland_Group_plc,2,3,2,1/1/2008 0:00,7/1/2008 0:00,7/1/2008 0:00,12/30/2008 0:00,6289.469727,3896.739153,0.087976624,0.087974531
0,test,Eurasian_Natural_Resources_Corp_Plc,The_Royal_Bank_of_Scotland_Group_plc,2,3,2,1/1/2008 0:00,7/1/2008 0:00,7/1/2008 0:00,12/30/2008 0:00,0,0,nan,nan
0,train,Eurasian_Natural_Resources_Corp_Plc,The_Royal_Bank_of_Scotland_Group_plc,2,3,2,7/1/2008 0:00,12/30/2008 0:00,12/30/2008 0:00,6/30/2009 0:00,9949.996094,4836.057388,-0.082477534,-1.66776599
0,test,Eurasian_Natural_Resources_Corp_Plc,The_Royal_Bank_of_Scotland_Group_plc,2,3,2,7/1/2008 0:00,12/30/2008 0:00,12/30/2008 0:00,6/30/2009 0:00,0,0,nan,nan
0,train,Eurasian_Natural_Resources_Corp_Plc,The_Royal_Bank_of_Scotland_Group_plc,2,3,2,12/30/2008 0:00,6/30/2009 0:00,6/30/2009 0:00,12/29/2009 0:00,1150.711304,530.5274244,-0.116024269,-1.972276205
0,test,Eurasian_Natural_Resources_Corp_Plc,The_Royal_Bank_of_Scotland_Group_plc,2,3,2,12/30/2008 0:00,6/30/2009 0:00,6/30/2009 0:00,12/29/2009 0:00,-195.0310211,332.8268827,-0.135387525,-0.314645831
0,train,Eurasian_Natural_Resources_Corp_Plc,The_Royal_Bank_of_Scotland_Group_plc,2,3,2,12/29/2009 0:00,6/29/2010 0:00,6/29/2010 0:00,12/28/2010 0:00,nan,nan,nan,nan
0,test,Eurasian_Natural_Resources_Corp_Plc,The_Royal_Bank_of_Scotland_Group_plc,2,3,2,12/29/2009 0:00,6/29/2010 0:00,6/29/2010 0:00,12/28/2010 0:00,nan,nan,nan,nan
0,train,Eurasian_Natural_Resources_Corp_Plc,The_Royal_Bank_of_Scotland_Group_plc,2,3,2,6/29/2010 0:00,12/28/2010 0:00,12/28/2010 0:00,6/28/2011 0:00,682.1169434,196.6924891,-0.089564722,-2.973737492
0,test,Eurasian_Natural_Resources_Corp_Plc,The_Royal_Bank_of_Scotland_Group_plc,2,3,2,6/29/2010 0:00,12/28/2010 0:00,12/28/2010 0:00,6/28/2011 0:00,-591.0719604,138.3602939,-0.083785088,-0.75687575
0,train,Eurasian_Natural_Resources_Corp_Plc,The_Royal_Bank_of_Scotland_Group_plc,2,3,2.5,1/1/2008 0:00,7/1/2008 0:00,7/1/2008 0:00,12/30/2008 0:00,6289.469727,3896.739153,0.087976624,0.087974531
0,test,Eurasian_Natural_Resources_Corp_Plc,The_Royal_Bank_of_Scotland_Group_plc,2,3,2.5,1/1/2008 0:00,7/1/2008 0:00,7/1/2008 0:00,12/30/2008 0:00,0,0,nan,nan
0,train,Eurasian_Natural_Resources_Corp_Plc,The_Royal_Bank_of_Scotland_Group_plc,2,3,2.5,7/1/2008 0:00,12/30/2008 0:00,12/30/2008 0:00,6/30/2009 0:00,8409.575195,4215.098843,-0.092230375,-8.711191129
0,test,Eurasian_Natural_Resources_Corp_Plc,The_Royal_Bank_of_Scotland_Group_plc,2,3,2.5,7/1/2008 0:00,12/30/2008 0:00,12/30/2008 0:00,6/30/2009 0:00,0,0,nan,nan
0,train,Eurasian_Natural_Resources_Corp_Plc,The_Royal_Bank_of_Scotland_Group_plc,2,3,2.5,12/30/2008 0:00,6/30/2009 0:00,6/30/2009 0:00,12/29/2009 0:00,735.1621704,346.9038156,-0.115747679,-1.743648705
0,test,Eurasian_Natural_Resources_Corp_Plc,The_Royal_Bank_of_Scotland_Group_plc,2,3,2.5,12/30/2008 0:00,6/30/2009 0:00,6/30/2009 0:00,12/29/2009 0:00,-552.1791382,264.8375169,0.063014098,0.085609598
0,train,Eurasian_Natural_Resources_Corp_Plc,The_Royal_Bank_of_Scotland_Group_plc,2,3,2.5,12/29/2009 0:00,6/29/2010 0:00,6/29/2010 0:00,12/28/2010 0:00,nan,nan,nan,nan
0,test,Eurasian_Natural_Resources_Corp_Plc,The_Royal_Bank_of_Scotland_Group_plc,2,3,2.5,12/29/2009 0:00,6/29/2010 0:00,6/29/2010 0:00,12/28/2010 0:00,nan,nan,nan,nan
0,train,Eurasian_Natural_Resources_Corp_Plc,The_Royal_Bank_of_Scotland_Group_plc,2,3,2.5,6/29/2010 0:00,12/28/2010 0:00,12/28/2010 0:00,6/28/2011 0:00,688.0531616,197.0714776,-0.089550544,-2.973271046
0,test,Eurasian_Natural_Resources_Corp_Plc,The_Royal_Bank_of_Scotland_Group_plc,2,3,2.5,6/29/2010 0:00,12/28/2010 0:00,12/28/2010 0:00,6/28/2011 0:00,-591.0719604,138.3602939,-0.083785088,-0.75687575
